r_id,r_id_id,position,position_id,name,name_id,score,score_id,ratings,ratings_id,category,category_id,price_range,price_range_id,full_address,full_address_id,zip_code,zip_code_id,lat,lat_id,lng,lng_id
34245,sifcbhea,34,hocvakfw,Mac's Bar-B-Q,rdsciprv,,kfheqdxn,,kfheqdxn,"Traditional American, Southern, BBQ, American, Wings, Bar Food, Sandwich, Family Meals",gxguvhcx,$,ippckvpi,"5412 Slide Rd, Lubbock, TX, 79414",elkgnltp,79414,bbvltflp,33.5442404,iftkzdom,-101.923489,eaommbwk
34246,mzelmiau,12,teazwtkq,19th Street Liquor Beer &amp; Wine,qqpxcvcp,,kfheqdxn,,kfheqdxn,"Alcohol, Drinks, Wine, Liquor Stores",oksjemhr,,kfheqdxn,"7753 19th Street, Lubbock, TX, 79407",autpqcog,79407,euqzmpyx,33.577384,xopztntc,-101.991343,hbftvdwe
34248,gzaotbcz,31,vmzgwudq,Tea2Go (Milwaukee),ouyceuyb,,kfheqdxn,,kfheqdxn,"Coffee and Tea, Bubble Tea, Cafe, Desserts, Healthy, Vegan, Vegan Friendly, Juice and Smoothies",ogkkugvw,$,ippckvpi,"7320 Milwaukee Ave, Lubbock, TX, 79424",dauxlkec,79424,vlbhkipn,33.5258798,kcvkryzg,-101.9580475,vughrypf
34249,sbhrxwxo,67,zhcsxyni,Subway (6315 82Nd St),gbxjblpd,,kfheqdxn,,kfheqdxn,"Fast Food, Sandwich, American",ekuedfbw,$,ippckvpi,"6315 82Nd St, Lubbock, TX, 79424",wtneuvan,79424,vlbhkipn,33.51631,qlwuvsun,-101.95541,paadgomx
34250,mcpxsmbt,139,qnjpaczu,Big Ben's BBQ,kkieqxju,,kfheqdxn,,kfheqdxn,"BBQ, Southern, Sandwich",hnxdnkvd,$,ippckvpi,"10601 University Avenue, Lubbock, TX, 79423",dqremwtl,79423,jphjbnvq,33.4977713,pbvtletp,-101.8698384,tqeclsep
34251,ieolltwa,15,hpgibmde,Ohana Steakhouse &amp; Sushi Bar,qprekwii,,kfheqdxn,,kfheqdxn,"Japanese, Asian, Sushi",vzhsgcak,$,ippckvpi,"5217 82nd St, Lubbock, TX, 79424",xhwnjndl,79424,vlbhkipn,33.51862,eqsbmudh,-101.9242,uawydabg
34252,qivjmizq,12,teazwtkq,Indian Vegan Experiment,ptywovxl,,kfheqdxn,,kfheqdxn,"Indian, Vegetarian, Pakistani, Indian Curry, Gluten Free, Healthy",ejqszqwy,,kfheqdxn,"3806 50th Street #226, Lubbock, TX, 79413",wqjsxipb,79413,ffrghyfc,33.54906,agahubdo,-101.89755,bvdnydzf
34253,osygzynh,121,jhtymlvy,Cantina Laredo,ydqtxqnb,,kfheqdxn,,kfheqdxn,Mexican,kqqqgiwa,$$,hgmexkda,"114 W Loop 289, Lubbock, TX, 79416",yeuuihbd,79416,ypcxxhqq,33.5966987,scticfpl,-101.9255571,nliobuaq
34254,gykgepck,117,asluelpv,Frios Gourmet Pops,ioacaycr,,kfheqdxn,,kfheqdxn,"Pastry, Bakery, Comfort Food",zymnmkty,,kfheqdxn,"4404 19th St, Lubbock, TX, 79407",mkswynll,79407,euqzmpyx,33.57793,mkwxnfvh,-101.90557,mejaygfc
34255,anlffsic,123,mhavvirn,Drinks On Us Liquor (3707 19th St),qyuupvzl,,kfheqdxn,,kfheqdxn,"Drinks, Wine, Liquor Stores",gufphhra,$,ippckvpi,"3707 19th St, Lubbock, TX, 79410",uxswnfmb,79410,ksxbvglz,33.57752,jhgkkbhm,-101.89552,xpoiulec
34256,yjvslwpf,154,gazxlcfn,University Liquor #1 (7301 University Ave),ynidzzkb,,kfheqdxn,,kfheqdxn,"Drinks, Wine, Liquor Stores",gufphhra,$,ippckvpi,"7301 University Ave, Lubbock, TX, 79423",owzepslv,79423,jphjbnvq,33.52788,mdkizabb,-101.86983,dewvaigr
34257,emlqqcno,111,uwolrffj,Texas Taco Company,nvffsqdx,,kfheqdxn,,kfheqdxn,Tex Mex,ipzovute,$,ippckvpi,"4601 S Loop 289, Lubbock, TX, 79424",ziyqqpfg,79424,vlbhkipn,33.5307641,xdshdiro,-101.9099594,jwiwaseh
34258,nzqyazhi,41,ofiwlljl,Josie's 3,iogocxfn,4.3,vadxbehl,78,bwndkixl,"Mexican, Latin American, New Mexican",jqvilnsn,$,ippckvpi,"5101 Aberdeen Ave, Lubbock, TX, 79414",gsgzhnco,79414,bbvltflp,33.54762,nglllequ,-101.923747,fwhbmjuf
34259,lfqorejy,43,cenhszay,Starbucks (Loop 289 &amp; 34th),vbuxbhlg,4.9,uchnfaom,156,seeboltd,"Bakery, Breakfast and Brunch, Cafe, Coffee &amp; Tea",ritlnfwg,$,ippckvpi,"3214 W Loop 289, Lubbock, TX, 79407",avruixtu,79407,euqzmpyx,33.56435,albfekyj,-101.94484,jbjjjrgn
34260,kffxaiie,4,bwfhkliz,Biryani Factory,sdabcpiy,,kfheqdxn,,kfheqdxn,"Indian, Vegetarian, Chicken, Fast Food, Pakistani",sehlhmum,,kfheqdxn,"3806 50th Street #226, Lubbock, TX, 79413",wqjsxipb,79413,ffrghyfc,33.54906,agahubdo,-101.89755,bvdnydzf
34261,sjxxltmc,116,akkodmto,Chub's Cookies,ftmamkpm,,kfheqdxn,,kfheqdxn,"Bakery, Desserts, Ice Cream + Frozen Yogurt",uxrlsrim,,kfheqdxn,"114 West Loop 289 100, Lubbock, TX, 79416",fvsrwali,79416,ypcxxhqq,33.59638,gphxwueg,-101.92543,efqullqa
34262,bigckyhi,88,xxfmfrwe,Qdoba Mexican Eats  (5017 Milwaukee Ave),sdmjfewt,4.7,jlpowhlp,56,gydsiyzo,"Mexican, Bowls, Salads",xpdvrdxx,$,ippckvpi,"5017 Milwaukee Ave, Lubbock, TX, 79407",zyshgnpl,79407,euqzmpyx,33.5463258,mcnkybzh,-101.9556839,vwioyyml
34263,mncfnhia,87,wtxeyjfm,Teapioca Lounge (6620 Milwaukee Ave),pcrgggcu,,kfheqdxn,,kfheqdxn,"Bubble Tea, Desserts, Juice and Smoothies",jbxlprbm,$$,hgmexkda,"6620 Milwaukee Ave, Lubbock, TX, 79424",hagqjjuh,79424,vlbhkipn,33.5341,fnxnvzgt,-101.95724,gmvzfmqz
34264,jypoawip,82,oghyweor,Taco Bueno (6311 82nd St.),hqsplpey,4.6,xpmlytsn,29,pzfrafep,"Fast Food, Mexican, Tex Mex",nbilixst,$,ippckvpi,"6311 82nd Street, Lubbock, TX, 79424",kucbuchl,79424,vlbhkipn,33.51915,vjalfdgr,-101.95534,lzbflayv
34265,rsagtvte,48,wqtuolqk,Chipotle Mexican Grill (2912 W Loop 289 Ste 102),vbahefts,4.5,llluqiyx,123,mhavvirn,"Healthy, Mexican",cjzwnmbj,$,ippckvpi,"2912 W Loop 289 Ste 102, Lubbock, TX, 79407",agrhwbdr,79407,euqzmpyx,33.5673884,xxvjctul,-101.944876,mnmkgxrj
34266,kajannyf,47,atsrfigy,Tea2Go (Peoria),xpddkzer,,kfheqdxn,,kfheqdxn,"Coffee and Tea, Bubble Tea, Cafe, Exclusive to Eats",brnesidr,$$,hgmexkda,"4206 19th Street, Lubbock, TX, 79407",nypwqmpt,79407,euqzmpyx,33.57839,uzazjhyd,-101.90311,gdmuasas
34267,vaasxkft,14,qbrqsepj,"Gong Cha è²¢èŒ¶ (405 Slide Rd, #119)",jsqdtysb,4.7,jlpowhlp,100,xleqarad,"Juice and Smoothies, Comfort Food, Drinks",gufzwglm,$,ippckvpi,"405 Slide Road #119, Lubbock, TX, 79416",qderkdtr,79416,ypcxxhqq,33.59159,vsakdper,-101.92129,ovtbkbys
34268,pbbdllae,11,xehpvbdi,Auntie Anne's (6002 Slide Road Space K108 (Kiosk)),ishnguvg,4.9,uchnfaom,12,teazwtkq,"Bakery, Comfort Food, Desserts, Pretzel, Family Meals",qanhffbe,$,ippckvpi,"6002 Slide Road Space K108 (Kiosk), Lubbock, TX, 79414",abxrttzr,79414,bbvltflp,33.53879,cogiukzc,-101.9240669,fcqyflhd
34269,iczmymkd,4,bwfhkliz,Buddy V's Cake Slice (6709 Slide Road),oekqormv,3.9,scndqkrn,17,hwjilyfr,"Desserts, Bakery",nrcvjehh,$,ippckvpi,"6709 Slide Road, Lubbock, TX, 79424",ogllblsa,79424,vlbhkipn,33.53363,wmssgdea,-101.92191,jmgvmlyu
34270,gdxhmivh,3,poakcije,Crumbl Cookies (TX - Lubbock),wrobilwf,5,mjglaesm,11,xehpvbdi,"Bakery, Desserts, Snacks",wodhxcro,$$,hgmexkda,"6076 Marsha Sharp Freeway #450, Lubbock, TX, 79407",scruqhrr,79407,euqzmpyx,33.549,uzlfwdws,-101.94806,gpdadpib
34271,vumxbygb,2,kxqdewxh,Shipley Do-Nuts (5911 19th St.),uhdtlnvv,4.2,ggjpypyt,44,wrovsmcv,"Bakery, Comfort Food, Donuts",tvlfiyoq,$,ippckvpi,"5911 19th Street, Lubbock, TX, 79407",kpwfepjb,79407,euqzmpyx,33.57763,orwiclxb,-101.94583,iufofgsb
34272,lgxywilj,119,gtjabnuq,Crustyâ€™s Wood Fired Pizza,nnxabggs,,kfheqdxn,,kfheqdxn,"Pizza, Exclusive to Eats",kjyltflj,$,ippckvpi,"1636 13th St, Lubbock, TX, 79401",wbxfykvk,79401,wqjuquzf,33.5838499,nqrinkht,-101.8538915,zvuybjre
34273,oujzmhud,116,akkodmto,The Cakery,lrmhtjwj,,kfheqdxn,,kfheqdxn,"Bakery, Cupcakes",najafcvd,$,ippckvpi,"6305 66th St, Lubbock, TX, 79424",iqsrmdbt,79424,vlbhkipn,33.5342409,ikwsieju,-101.9529193,ftmyyyvq
34274,smhoivjj,110,qrguzqku,Earl of Sandwich (11824 Indiana Ave),sqscmmsr,,kfheqdxn,,kfheqdxn,"Sandwich, salad, Pizza",fanmivnh,$,ippckvpi,"11824 Indiana Avenue 100, Lubbock, TX, 79423",sqjtcgzo,79423,jphjbnvq,33.48562,isuukrgh,-101.8883,lychjvia
34275,bwyjpdvv,109,foucwewx,Holly Hop Ice Cream Shoppe,brqbggfq,,kfheqdxn,,kfheqdxn,"Ice Cream + Frozen Yogurt, Desserts",lhyyackc,,kfheqdxn,"3404 34th St, Lubbock, TX, 79410",tiuyfult,79410,ksxbvglz,33.56345,tdayqfrk,-101.88813,awrgmnhi
34276,bqirojcr,103,rpdljbal,Rangels Mexican food,kodnhpea,,kfheqdxn,,kfheqdxn,"Mexican, New Mexican, Tacos",gvastbbp,,kfheqdxn,"4821 34th Street, Lubbock, TX, 79410",nwidmpbv,79410,ksxbvglz,33.56318,ndjtjlsd,-101.91558,hjdyvtvz
34277,krwyfarf,86,impsiuge,All About Cha,jdqljnvv,4.8,ssxdqevq,22,sqsgtysj,"Rolls, Breakfast and Brunch, Coffee and Tea",gmudqgeo,,kfheqdxn,"2910 W Loop 289, Lubbock, TX, 79407",qsanhkna,79407,euqzmpyx,33.56745,qgawbbeh,-101.94671,twiqdtzy
34278,iubumvxn,85,tekgznwb,"Urban Bricks (Lubbock, TX)",vhbfuomj,4.4,bglydeew,102,swcrfqwk,Pizza,bblqicsh,$$,hgmexkda,"7610 Milwaukee Ave, Lubbock, TX, 79424",wvizijtb,79424,vlbhkipn,33.5247415,tywiaanw,-101.957539,ctcvnifs
34279,jrgionkf,83,vjwskunp,Pepes Pizza &amp; Ice Cream,qoechvyy,4.7,jlpowhlp,36,shzctcbr,"Pizza, Ice Cream + Frozen Yogurt",cfqgxfck,$,ippckvpi,"3407 98th St, Lubbock, TX, 79423",ytainuuv,79423,jphjbnvq,33.5048052,bdwqpzcs,-101.8893428,gufqbhgs
34280,inrszszd,79,bbqzsute,On the Border - Lubbock,cgbiskoj,4.1,qmckbwty,77,dhgnwpjd,"Tex Mex, Mexican, Family Meals",udauyxlv,$,ippckvpi,"6709 Slide Rd, Lubbock, TX, 79424",kyzoxqfs,79424,vlbhkipn,33.5334903,xvjcdpfj,-101.9218331,mrbikoyk
34281,ihobwnrv,75,rnosngeu,Slim Chickens (4509 98th Street),lggpjmpr,4.6,xpmlytsn,71,alsnbvys,"Fast Food, Sandwich, Family Meals",xykfncbp,$,ippckvpi,"4509 98th Street, Lubbock, TX, 79424",dfknkjlm,79424,vlbhkipn,33.5041329,pkrjoofp,-101.9077729,kmqwicsb
34282,idnohhgg,72,kvvnqoye,Jack N Jill Donuts,xmzqgfca,4.7,jlpowhlp,47,atsrfigy,"Sandwiches, Desserts",ccczfzjt,,kfheqdxn,"6225 19th Street, Lubbock, TX, 79407",uhhwcukm,79407,euqzmpyx,33.57741,ierjfpgm,-101.95252,vqqujslq
34283,osxpjyvx,68,ytfydzcw,1000 Degrees Pizza (South Lubbock),zdwqmllx,,kfheqdxn,,kfheqdxn,"Pizza, Salads, Wings",ubkgplwn,,kfheqdxn,"11804 Indiana Avenue, Suite 300, Lubbock, TX, 79423",asegwxyy,79423,jphjbnvq,33.48733,hkgycwba,-101.88779,ntiscycy
34284,pnedllfx,65,qrryicvu,Braumâ€™s,iwnycesn,,kfheqdxn,,kfheqdxn,"Ice Cream &amp; Frozen Yogurt, Comfort Food, Desserts",vbfjswlz,$$,hgmexkda,"7910 Milwaukee Avenue, Lubbock, TX, 79424",yuuwmkmu,79424,vlbhkipn,33.52082,dkirjpvu,-101.95723,vddhgwxz
34285,edwiqeqp,56,gydsiyzo,Charleys Cheesesteaks - South Plains Mall,faoscpob,4.3,vadxbehl,10,vfqrribt,"Sandwich, Comfort Food",xkjlbcdx,$,ippckvpi,"6002 Slide Rd, Lubbock, TX, 79414",qmdrdwqk,79414,bbvltflp,33.53938,czkuibth,-101.92548,xvqbgdiq
34286,wiceiqmp,44,wrovsmcv,Cicis (5102 60th St Ste E),tibrsqwp,4.7,jlpowhlp,51,bbeaadkx,"Pizza, Pasta, Salads, Healthy",ukicumzu,$,ippckvpi,"5102 60th St Ste E, Lubbock, TX, 79414",lvoqyzkn,79414,bbvltflp,33.5402052,cwzfctcg,-101.9213768,uxnnzmqy
34287,iremipbc,34,hocvakfw,Schlotzsky's Deli (3715 19th St.),rylsiuav,4.8,ssxdqevq,115,fkuzqbrk,"Salads, Sandwich, Deli, Desserts, Healthy",ufbwrove,$,ippckvpi,"3715 19th St., Lubbock, TX, 79410",lpgbsybf,79410,ksxbvglz,33.5774959,uzljnpqi,-101.8955376,lgnfrrje
34288,xodbmava,32,vaeiyxfm,Taco Bell (5010 Milwaukee Ave),qlnvnkiq,4.6,xpmlytsn,116,akkodmto,"Burritos, Fast Food, Mexican",qdscemnt,$,ippckvpi,"5010 Milwaukee Ave, Lubbock, TX, 79407",pkxhqgnq,79407,euqzmpyx,33.5467055,fpkujibo,-101.9576833,rofnqqtb
34289,rpkvhugp,19,xgrmfogh,Panera (4407 98th St),rrrxepzb,4.8,ssxdqevq,50,ratyiwnj,"Breakfast and Brunch, salad, Sandwich, Family Meals, Pizza, Healthy, American, Chicken",qyhfwdqr,$,ippckvpi,"4407 98th St, Lubbock, TX, 79424",fekxdehv,79424,vlbhkipn,33.503873,xoldhfol,-101.9054469,zkfhtajj
34290,mleggeke,17,hwjilyfr,McAlister's Deli (6810 Milwaukee Ave),zpzixohs,4.7,jlpowhlp,82,oghyweor,"Sandwich, Salads",puctduxq,$,ippckvpi,"6810 Milwaukee Avenue, Lubbock, TX, 79424",xmvrfjyy,79424,vlbhkipn,33.53215,zueufhqk,-101.95723,vddhgwxz
34291,kutpmtdk,14,qbrqsepj,Roberto's Taco Shop,hwjdnpsd,4.8,ssxdqevq,158,hblvpkyn,"Mexican, Tacos, Breakfast and Brunch",tphgjeub,,kfheqdxn,"7717 Milwaukee Avenue, Lubbock, TX, 79424",vnfyvrbr,79424,vlbhkipn,33.52337,tajocone,-101.95639,ayjqphmz
34292,jjhokqrb,7,orhxfgeb,La Madeleine Country French Cafe (8201 Quaker Ave # 118),tfueqeyn,4.8,ssxdqevq,163,trnwvqkm,"Bakery, Cafe, Salads",chommgms,$$,hgmexkda,"8201 Quaker Ave # 118, Lubbock, TX, 79424",zfqequnv,79424,vlbhkipn,33.51844,iwiceoor,-101.90359,lgtcdtki
34293,cmcaerqw,9,kouspxna,GoGogiri,yvwcqbkm,4.9,uchnfaom,31,vmzgwudq,"Asian Fusion, Desserts, Asian",ddqxexvg,,kfheqdxn,"1601 University Avenue, Lubbock, TX, 79401",brrgotky,79401,wqjuquzf,33.58017,ryhbqcvm,-101.87019,mmusxfjg
34294,uxvryzqx,62,danmkleb,Saigon Cafe Too,lnqjtfzm,,kfheqdxn,,kfheqdxn,"Vietnamese, Noodles, Healthy",rploqzyz,$,ippckvpi,"4515 50th St, Lubbock, TX, 79414",fwypgahi,79414,bbvltflp,33.54821,rznaihjg,-101.90841,otbzbncv
34295,gfsmwoea,59,mnpzvlns,Masiso,ndtcqbfi,4.8,ssxdqevq,89,wudjbebq,"Korean, Asian, Asian Fusion",hagxpcqc,$,ippckvpi,"4809 34th St, Lubbock, TX, 79414",citeexan,79414,bbvltflp,33.5629373,whzudjez,-101.9147108,cxpwsiku
34296,yymmynsv,58,ytvpuisb,I Love Pho,eoubwkla,4.4,bglydeew,29,pzfrafep,"Vietnamese, Noodles, Healthy",rploqzyz,,kfheqdxn,"405 Slide Road, #112, Lubbock, TX, 79416",ytzrlzis,79416,ypcxxhqq,33.59159,vsakdper,-101.9212,cfpiyuzl
34297,yhghyihs,54,ysidvmhi,China Wok,ksmqxlmj,4.4,bglydeew,105,ruoukpdg,"Chinese, Asian, Noodles",eltckyez,$,ippckvpi,"6302 Frankford Ave
Ste 3, Lubbock, TX, 79424",dqoyblsj,79424,vlbhkipn,33.536064,jcwclbtc,-101.940221,uwhigrzx
34298,neaaoeaa,51,bbeaadkx,Chuck E. Cheese (5612 West Loop 289),fjpshhdf,,kfheqdxn,,kfheqdxn,Pizza,bblqicsh,$,ippckvpi,"5612 West Loop 289, Lubbock, TX, 79424",zcvnzkdf,79424,vlbhkipn,33.543367,fkuesyis,-101.936912,iqlryvkn
34299,axongwms,50,ratyiwnj,China Star Restaurant,gemqlbpb,,kfheqdxn,,kfheqdxn,"Chinese, Asian, Asian Fusion",oqltrwbn,$$,hgmexkda,"1919 50th St, Lubbock, TX, 79412",zyufyyqj,79412,ygbclohz,33.54827,meudzxig,-101.85912,guciqatc
34300,dkeheeew,41,ofiwlljl,Manara Cafe,nsfvdlnt,,kfheqdxn,,kfheqdxn,"Mediterranean, Greek, Vegetarian",uvilpiea,$$,hgmexkda,"2623 34th St, Lubbock, TX, 79413",bciwfgrq,79413,ffrghyfc,33.563,qyxxzxxk,-101.87461,vjfoxqzt
34301,tibtfkpu,40,tktaodso,Pasqually's Pizza &amp; Wings P933 (5612 West Loop 289),gldowqla,,kfheqdxn,,kfheqdxn,"Pizza, Italian, Wings",vxsuslbu,$,ippckvpi,"5612 West Loop 289, Lubbock, TX, 79424",zcvnzkdf,79424,vlbhkipn,33.5433,cuymmktn,-101.93593,zghpqtnn
34302,nvxhzjhp,38,neyttkog,Lite Bite Mediterranean Market,hpsldmlp,4.4,bglydeew,31,vmzgwudq,"Mediterranean, Greek, Vegetarian, Middle Eastern",nzgdcxne,,kfheqdxn,"3624 50th Street, Lubbock, TX, 79413",kxiljrjv,79413,ffrghyfc,33.54926,faqymarz,-101.89387,dvpqvuki
34303,vwlmvorg,35,vqzozqki,Itâ€™s Greek To Me,qfepceho,4.2,ggjpypyt,53,pbfhwida,"Mediterranean, Greek, Vegetarian, Healthy",nurtobbz,$,ippckvpi,"7006 University Ave Ste 1, Lubbock, TX, 79413",rnycdlbw,79413,ffrghyfc,33.5301822,ylhqerzl,-101.871911,yzfwmdqh
34304,oogpqkgz,29,pzfrafep,Hawaii Poke &amp; Ramen,pjmvfuef,4.5,llluqiyx,117,asluelpv,"Ramen, Japanese, Comfort Food",prqnmssz,,kfheqdxn,"2407 9th Street, Ste 600, Lubbock, TX, 79401",wderkhll,79401,wqjuquzf,33.586886,ilzpzqlx,-101.868986,ojeozpay
34305,nnxamcco,27,gzaamvrt,Panda Express (6311 82nd St),axpojotm,4.4,bglydeew,200,dygpkneu,"Asian, Chinese, Family Meals",lhshkvdm,$,ippckvpi,"6311 82nd St, Lubbock, TX, 79424",tdthbraj,79424,vlbhkipn,33.519376,qcsajuot,-101.9553551,hvhrkvos
34306,byjqkqmf,7,orhxfgeb,Lucky Chen Chinese Restaurant,zmxhybys,4.7,jlpowhlp,127,acdeqesh,"Chinese, Asian, Asian Fusion",oqltrwbn,$,ippckvpi,"1803 7th St, Lubbock, TX, 79401",uceiqxxk,79401,wqjuquzf,33.58878,kmonmpnn,-101.85711,qtfebpml
34307,iodeynqz,6,lpjgakma,Hayashi Midtown,eqokyzgm,4.8,ssxdqevq,71,alsnbvys,"Japanese, Asian, Sushi",vzhsgcak,$$,hgmexkda,"3701 19th St, Lubbock, TX, 79410",pjjpfwcp,79410,ksxbvglz,33.5775,qfkifphh,-101.89472,desssjfd
34308,jnxsderc,3,poakcije,Beijing House,gnkcylpi,4.6,xpmlytsn,146,lzdckqem,"Chinese, Asian, Chicken, Seafood, Asian Fusion, Mongolian",bqapjyrt,$,ippckvpi,"3605 50th Street, Lubbock, TX, 79413",vjvjqktw,79413,ffrghyfc,33.5484709,xmdugyup,-101.8930971,cnzibmlz
34309,cirxchmc,137,rmwgbxeh,Furr's AYCE Marketplace-Lubbock,nsfkoypz,,kfheqdxn,,kfheqdxn,"American, Comfort Food, Family Meals",xrvjjivy,$,ippckvpi,"2817 Loop 289 South, Lubbock, TX, 79423",hawotdnf,79423,jphjbnvq,33.5283674,ossmuggj,-101.8786658,fuxauqmd
34310,dxtqzmoj,136,chaglwhw,Rain Cafe,hnoxvzhy,,kfheqdxn,,kfheqdxn,"Breakfast and Brunch, Traditional American",havisqbp,$,ippckvpi,"2708 50th St, Lubbock, TX, 79413",oxqcwgeh,79413,ffrghyfc,33.54924,lyixavdl,-101.87585,gxwgoben
34311,ojcodidx,133,dprzxfth,Jake's Sports Cafe,uvxulgyp,,kfheqdxn,,kfheqdxn,"American, Burgers, Breakfast and Brunch, Chicken",lkamzmjr,,kfheqdxn,"5025 50th Street, Lubbock, TX, 79414",gksdrjtk,79414,bbvltflp,33.54795,ufluvsmy,-101.92098,dmgvmfyx
34312,pneppeqg,132,ppodgaqo,World of Beer (2910 W Loop 289),cjcivkyc,,kfheqdxn,,kfheqdxn,"American, Pizza",jfigkzyd,$,ippckvpi,"2912 West Loop 289, Lubbock, TX, 79407",alhnbugm,79407,euqzmpyx,33.5674,wkgkdcnu,-101.94497,sshrxsrm
34314,fdrehmoj,130,qnnefjpa,Cantina Tacos,zhiyloys,,kfheqdxn,,kfheqdxn,"Mexican, Latin American, New Mexican",jqvilnsn,$,ippckvpi,"1801 Buddy Holly Ave, Lubbock, TX, 79401",rdsckpcv,79401,wqjuquzf,33.578753,bmrnxgdl,-101.844033,gwfambuo
34315,jrcytvbn,129,jmjkslld,"SmallCakes Cupcakery (114 West Loop 289, Suite 100)",nituvwqg,,kfheqdxn,,kfheqdxn,"American, Breakfast and Brunch, Desserts",khanukol,,kfheqdxn,"114 West Loop 289, Unit 100, Lubbock, TX, 79416",fnmuwavk,79416,ypcxxhqq,33.596731,gxtbgbvg,-101.924972,lzivnycq
34316,pkcvenmz,128,yyrvxinr,Caliente,hsyruylg,,kfheqdxn,,kfheqdxn,"American, Burgers, Sandwiches",oaojagdl,$,ippckvpi,"5105 University Ave 11a, Lubbock, TX, 79413",tokxiprz,79413,ffrghyfc,33.54777,chfgqcnn,-101.87012,xqeeanpb
34317,purmshni,127,acdeqesh,J&amp;M Bar-B-Q,ppmhvsrk,,kfheqdxn,,kfheqdxn,"BBQ, American, Burgers",iiqsoeed,$,ippckvpi,"7924 slide rd, Lubbock, TX, 79424",opvvsxkg,79424,vlbhkipn,33.5216485,sxhtnmsa,-101.9227568,bbarrowg
34318,bnmkiotc,126,rzafodsf,Tom &amp; Bingos BBQ,khxtypym,,kfheqdxn,,kfheqdxn,"BBQ, American, Burgers",iiqsoeed,$,ippckvpi,"3006 34th St, Lubbock, TX, 79410",onhbkoey,79410,ksxbvglz,33.5636553,vxlotewr,-101.8797394,vcgdrrij
34319,mbrbulkp,125,mnnxpuag,Thirsty Dilla,jblzdrly,,kfheqdxn,,kfheqdxn,"Mexican, Latin American, New Mexican",jqvilnsn,$,ippckvpi,"6301 82nd Street, Lubbock, TX, 79424",icvyjywb,79424,vlbhkipn,33.5181755,bjlqxpag,-101.952962,dwsticmt
34321,aukplovh,123,mhavvirn,Grub Gauntlet,hdqikmih,,kfheqdxn,,kfheqdxn,"Mexican, Latin American, New Mexican",jqvilnsn,,kfheqdxn,"3246 50th Street, Lubbock, TX, 79413",aeojgpde,79413,ffrghyfc,33.54889,yckhqeup,-101.88447,ghdzkwbq
34322,qilwwlkl,121,jhtymlvy,Sugar Brown's Coffee (Indiana Ave.),dhscbukn,,kfheqdxn,,kfheqdxn,"Coffee and Tea, American, Breakfast and Brunch",tzvuneoy,,kfheqdxn,"6701 Indiana Ave, Lubbock, TX, 79413",xiozdmwl,79413,ffrghyfc,33.53318,clgubfic,-101.88726,luwiunzy
34323,becxsglf,122,fmafadtg,Sugar Brown's Coffee,pzgvjzke,,kfheqdxn,,kfheqdxn,"Coffee and Tea, American, Breakfast and Brunch",tzvuneoy,$,ippckvpi,"1500 Broadway St, Lubbock, TX, 79401",rqkvenjy,79401,wqjuquzf,33.58528,vbkofvda,-101.852,rofupasm
34324,dhagthio,120,pnpnongv,Pete's Drive In #3,fibabmbc,,kfheqdxn,,kfheqdxn,"Burgers, American, Sandwiches",buezgyom,$,ippckvpi,"4156 34th St, Lubbock, TX, 79410",lyvmlimt,79410,ksxbvglz,33.56361,xzulotah,-101.902635,tszhejdh
34325,orvotmwn,119,gtjabnuq,Now We Taco'N Taqueria,fyjssniu,,kfheqdxn,,kfheqdxn,"Mexican, Latin American, New Mexican",jqvilnsn,,kfheqdxn,"1021 University Ave. Unit 1025, Lubbock, TX, 79401",rpsxqzub,79401,wqjuquzf,33.58582,bvattqay,-101.86982,uwtcepfi
34326,bemnszax,118,sgojrggv,Heff's Burgers (82nd St.),mdymfeej,,kfheqdxn,,kfheqdxn,"Burgers, American, Sandwiches",buezgyom,,kfheqdxn,"5727 82nd St., Lubbock, TX, 79424",zhcbthdw,79424,vlbhkipn,33.51937,nkwlhrid,-101.93918,wsrxchfm
34327,egcbzkhf,116,akkodmto,Clouds Hookah sports grill,exouoxpf,4.5,llluqiyx,10,vfqrribt,"Bar / Pub Food, Sandwich, Desserts",ybecewps,$$,hgmexkda,"1617 University Ave, Lubbock, TX, 79401",atxlwmai,79401,wqjuquzf,33.5792065,yztuvpgf,-101.8701992,fkuupydk
34328,rqmnspoz,115,fkuzqbrk,Bier Haus Lubbock,svgfhfmv,,kfheqdxn,,kfheqdxn,"Burgers, American, Sandwiches",buezgyom,$,ippckvpi,"2009 Broadway St, Lubbock, TX, 79401",dbchlgky,79401,wqjuquzf,33.5841916,uztscmpa,-101.8607315,eloanmzx
34329,ytioeodo,114,cbrvzmto,Bigham's Smokehouse (82nd),pkydpalj,,kfheqdxn,,kfheqdxn,"BBQ, American, Burgers",iiqsoeed,,kfheqdxn,"3312 82nd St, Lubbock, TX, 79423",jgskgwkv,79423,jphjbnvq,33.52022,wygvubsq,-101.88572,lmikgfta
34330,caqfnrnj,113,zrhntodr,Chocolate Mousse Pie Bar,wbkltnmr,,kfheqdxn,,kfheqdxn,"Desserts, American, Comfort Food",wmmwzcma,,kfheqdxn,"6620 Milwaukee Ave #950, Lubbock, TX, 79424",accmfajq,79424,vlbhkipn,33.5341,fnxnvzgt,-101.95724,gmvzfmqz
34331,myhitjca,112,scnbhgku,Huddle House (6616 Milwaukee),yejdxize,4.3,vadxbehl,71,alsnbvys,"American, Breakfast &amp; Brunch, Salads",iqsualos,$,ippckvpi,"6616 Milwaukee Ave, Lubbock, TX, 79424",anjwthhd,79424,vlbhkipn,33.53411,hsmjwsav,-101.95723,vddhgwxz
34332,rthjxfkw,111,uwolrffj,Tea2Go (Ravenwood),jweflxce,4.9,uchnfaom,13,hwsknprk,"Coffee and Tea, American, Breakfast and Brunch",tzvuneoy,,kfheqdxn,"10305 Quaker Ave #1200, Lubbock, TX, 79423",lmelahxw,79423,jphjbnvq,33.50047,utyasbdm,-101.90483,lkjrecot
34333,qjuhjhqw,109,foucwewx,Hot &amp; Juicy Seafood,ziyatlfv,4.6,xpmlytsn,29,pzfrafep,"Seafood, American, Southern",ygdubizm,,kfheqdxn,"5004 Frankford Ave, Lubbock, TX, 79424",ptifihjd,79424,vlbhkipn,33.54736,csdrexky,-101.94042,vtcpehfo
34334,yxcdkjzq,110,qrguzqku,Picoso's Mexican Kitchen (7611 Milwaukee Ave),zyqoputt,4.5,llluqiyx,42,qzyxbjju,"Mexican, Latin American, New Mexican",jqvilnsn,$,ippckvpi,"7611 Milwaukee Ave, Lubbock, TX, 79424",qqgbqxwt,79424,vlbhkipn,33.52536,mtqtzdzm,-101.95646,zzfxitaz
34335,usardvkw,108,xcgdjmgd,Cancun Mexican Restaurant,unrfvkpz,,kfheqdxn,,kfheqdxn,"Mexican, Latin American, New Mexican",jqvilnsn,$$,hgmexkda,"7905 University Ave, Lubbock, TX, 79423",nijoozfz,79423,jphjbnvq,33.5220255,brjvaxnd,-101.8699376,rygcdgnl
34338,jliuuxgt,104,qmfvofnh,Raising Cane's Chicken Fingers (5702 4th St),tmsmyskz,,kfheqdxn,,kfheqdxn,"Comfort Food, American, Chicken",cknjmiyu,$$,hgmexkda,"5702 4th St, Lubbock, TX, 79416",pmtoscbk,79416,ypcxxhqq,33.59273,ccihdqii,-101.93506,gznsvpae
34339,lmrlbeje,105,ruoukpdg,Texas Cafe and Bar,jarktlxt,,kfheqdxn,,kfheqdxn,"BBQ, American, Burgers",iiqsoeed,$$,hgmexkda,"3604 50th Street, Lubbock, TX, 79413",olyelyqv,79413,ffrghyfc,33.5493369,azgavcpb,-101.8925769,sdqulghf
34340,cpdlkrtw,102,swcrfqwk,Giorgioâ€™s Pizza - Lubbock,uevgbhgz,4.5,llluqiyx,10,vfqrribt,"Pizza, American, Italian",lzveythk,,kfheqdxn,"1018 Broadway St, Lubbock, TX, 79401",fmybbttc,79401,wqjuquzf,33.58486,ntfrevws,-101.84649,avxvctyz
34341,iidhyocq,101,lkgedqjl,Tea2Go (82nd St.),vqhrcghn,,kfheqdxn,,kfheqdxn,"Coffee and Tea, American, Breakfast and Brunch",tzvuneoy,,kfheqdxn,"3333 82nd St, Lubbock, TX, 79423",hyjfcfct,79423,jphjbnvq,33.51943,sbnwhmur,-101.88718,uisimhph
34342,uopkkcvg,100,xleqarad,Tea2Go (50th St.),polvhnva,4.9,uchnfaom,55,mvemauqa,"Coffee and Tea, American, Breakfast and Brunch",tzvuneoy,,kfheqdxn,"3207 50th St., Lubbock, TX, 79413",wtptxpge,79413,ffrghyfc,33.5482,eigiqsin,-101.88425,bdyawsnd
34343,ppafassq,98,xhzdrtzm,HTeaO (Lubbock),vrkgyltx,,kfheqdxn,,kfheqdxn,"Coffee and Tea, American, Breakfast and Brunch",tzvuneoy,$,ippckvpi,"6704 Milwaukee Avenue, Lubbock, TX, 79424",iwreobvt,79424,vlbhkipn,33.53315,zfklenyn,-101.95724,gmvzfmqz
34344,tebxlnxu,97,zueityrc,Smoothie King (3723 19Th Street),twcqxpek,4.9,uchnfaom,64,qexxrcnq,"American, Healthy, Juice and Smoothies",qoxvzodh,$$,hgmexkda,"3723 19Th Street, Lubbock, TX, 79410",wlcwslns,79410,ksxbvglz,33.57755,xmtaxzfy,-101.89614,mntdszzo
34346,itzlvblt,95,mvtkprdq,Expedition Cafe,asicyoni,,kfheqdxn,,kfheqdxn,"American, Pizza, Salads",vkqoywcb,$,ippckvpi,"5110 29th Drive, Lubbock, TX, 79407",zttzuovv,79407,euqzmpyx,33.56784,txjycpzh,-101.91882,gitvunmo
34347,mbwnadek,93,iherqdcc,Taco Villa 50th St &amp; Salem Ave,wsaeiifm,4.6,xpmlytsn,14,qbrqsepj,"Mexican, Latin American, New Mexican",jqvilnsn,$$,hgmexkda,"4516 50th. St., Lubbock, TX, 79414",mvjfseub,79414,bbvltflp,33.54917,aahcwzdh,-101.90825,yandcyzg
34348,cdcgvdgg,90,tmiohfrq,Munchieâ€™s Bakery,fncitjfp,,kfheqdxn,,kfheqdxn,"American, Breakfast and Brunch, Desserts",khanukol,$$,hgmexkda,"5612 County Rd 1300, Lubbock, TX, 79407",gafhmhpi,79407,euqzmpyx,33.54243,elnquste,-102.02652,ensxfqcl
34349,yqgryatw,91,ygfqfjwo,Chopped And Sliced BBQ,cyhzbzrv,,kfheqdxn,,kfheqdxn,"BBQ, American, Burgers",iiqsoeed,$$,hgmexkda,"3501 50th St, Lubbock, TX, 79413",qsmjnfnk,79413,ffrghyfc,33.54796,ncwhrqzk,-101.89056,gjbmhbsp
34350,xvsfqzyu,89,wudjbebq,King Louie's Sports Lounge &amp; Billiards Room,bvdzcqaq,,kfheqdxn,,kfheqdxn,"Burgers, American, Sandwiches",buezgyom,$$,hgmexkda,"7604 Milwaukee Avenue, Lubbock, TX, 79424",hbllodrl,79424,vlbhkipn,33.52454,sspisulo,-101.95768,gfvtbios
34351,fmnwnuzm,88,xxfmfrwe,Anna's Mexican Restaurant,rtepbrjy,,kfheqdxn,,kfheqdxn,"Mexican, Latin American, New Mexican",jqvilnsn,$$,hgmexkda,"6909 Indiana Avenue, Lubbock, TX, 79413",kkaqkyon,79413,ffrghyfc,33.53171,kammrttq,-101.8872,bgxiuocg
34352,lfqcowue,87,wtxeyjfm,Royal Seafood Shack,voxyesvs,,kfheqdxn,,kfheqdxn,"Comfort Food, American, Burgers",mvkphdbv,$$,hgmexkda,"7604 Milwaukee Avenue, Lubbock, TX, 79424",hbllodrl,79424,vlbhkipn,33.52454,sspisulo,-101.95768,gfvtbios
34354,tqbvyrhd,84,isambtee,Raising Cane's (907 University Avenue),dmombaoc,,kfheqdxn,,kfheqdxn,"Comfort Food, American, Chicken",cknjmiyu,$$,hgmexkda,"907 University Avenue, Lubbock, TX, 79401",tklwfimh,79401,wqjuquzf,33.5867,asoemsez,-101.86996,lmdikxdi
34355,sawdbnys,83,vjwskunp,Capital Pizza (82nd),ejalnnwf,4.3,vadxbehl,12,teazwtkq,"Pizza, American, Italian",lzveythk,$$,hgmexkda,"8211 Slide Road, Lubbock, TX, 79424",oaktmoou,79424,vlbhkipn,33.518,nefxmuoi,-101.92156,xqzyhdjl
34356,ohvrsroi,82,oghyweor,Lee's Cafe,wlblfjqv,,kfheqdxn,,kfheqdxn,"Coffee and Tea, American, Breakfast and Brunch",tzvuneoy,$$,hgmexkda,"7604 Milwaukee Avenue # 400, Lubbock, TX, 79424",lbaenkjy,79424,vlbhkipn,33.52454,sspisulo,-101.95768,gfvtbios
34357,xhydnhch,81,ddilvthu,One Guy From Italy (University),bfgfpeie,4.6,xpmlytsn,74,ftuanbgx,"Pizza, American, Italian",lzveythk,,kfheqdxn,"1011 University Ave, Lubbock, TX, 79401",jequivgz,79401,wqjuquzf,33.58599,zcofvkgv,-101.87041,ubwhtjtz
34358,wjbzxmia,79,bbqzsute,Papa Johns (5905 82Nd St. #107),hnvhxuyy,4.7,jlpowhlp,24,ztxkkhqy,"Pizza, Wings, Sandwiches, Desserts, American, Traditional American, Fast Food",lafuwodc,$,ippckvpi,"5905 82Nd St, Lubbock, TX, 79424",bfawvxuy,79424,vlbhkipn,33.518994,znhemuay,-101.943723,xondrjwj
34359,zcviihkl,76,fwajbrsa,Chicken Sammy's 537 (4805 South Loop 289),xpufielu,,kfheqdxn,,kfheqdxn,"American, Chicken, Fried Chicken, Sandwich, Burgers",jvpxzxlj,$,ippckvpi,"4805 South Loop 289 Building 200, Lubbock, TX, 79424",clvchzdx,79424,vlbhkipn,33.5328,givadsnm,-101.91542,bapdduin
34360,yhqelkfa,75,rnosngeu,"Poultry Provisions (3806 50th street #226 50th St,,)",uqczzjvx,,kfheqdxn,,kfheqdxn,"Wings, Chicken, American, Bar Food, Family Meals, Fast Food",hqohapkg,$,ippckvpi,"3806 50th street #226 50th St, Lubbock, TX, 79413",qzjqipnh,79413,ffrghyfc,33.54906,agahubdo,-101.89755,bvdnydzf
34361,xrtecuwq,73,bztlhlcs,Taqueria Y Panaderia Guadalajara(1925 19th St),cspiiepl,4.3,vadxbehl,83,vjwskunp,"Mexican, Latin American, New Mexican",jqvilnsn,,kfheqdxn,"1925 19th St, Lubbock, TX, 79401",xvkxloqs,79401,wqjuquzf,33.57751,qhmzwark,-101.85862,xaafndty
34362,slzhjisc,72,kvvnqoye,Golden Corral (5117 Sw Loop 289),jetokebl,,kfheqdxn,,kfheqdxn,"American, Comfort Food, Seafood",xjkmetoo,$,ippckvpi,"5117 S Loop 289, Lubbock, TX, 79424",klxbbwga,79424,vlbhkipn,33.5334715,rtwgwoum,-101.919663,pathhkll
34363,euonxyiy,71,alsnbvys,Cosmic Wings - Lubbock S. Loop,oqbeakbn,4.1,qmckbwty,59,mnpzvlns,"American, Bar Food, Wings, Fast Food, Chicken, Family Meals, Exclusive to Eats, Comfort Food",wcpolxij,$,ippckvpi,"4025 South Loop 289, Lubbock, TX, 79423",micnwpdp,79423,jphjbnvq,33.52888,easdjlno,-101.90135,wtnvkaka
34364,xrvthulq,70,bqigqlor,Rosa's Cafe &amp; Tortilla Factory (4th St.),fbjjhpdi,4.1,qmckbwty,19,xgrmfogh,"Mexican, Latin American, New Mexican",jqvilnsn,$$,hgmexkda,"4407 4th St., Lubbock, TX, 79416",hgneiqhs,79416,ypcxxhqq,33.59184,tqhyubih,-101.90629,nsoneikj
34365,veopxdaa,69,lrggumos,Costa Vida (4410 114th Street),ujxzpwxr,4.7,jlpowhlp,43,cenhszay,"Mexican, Latin American, New Mexican",jqvilnsn,$,ippckvpi,"4410 114th Street, Lubbock, TX, 79424",gygtyepb,79424,vlbhkipn,33.49083,gcizueqo,-101.90543,heettgto
34366,fahxiaid,68,ytfydzcw,Hootie's Chicken Tenders (4950 South Loop 289),qbwxmopo,4.2,ggjpypyt,27,gzaamvrt,"American, Chicken Strips, Wings, Chicken",evobefyr,$,ippckvpi,"4950 South Loop 289, Lubbock, TX, 79414",pvoqyjjq,79414,bbvltflp,33.53445,vngnnrun,-101.91795,ynrjnmwh
34367,jhmallpv,66,lsyqrebi,Applebee's (Lubbock S. Loop),kyjhmrva,4.2,ggjpypyt,72,kvvnqoye,"American, Burgers, Sandwich, Comfort Food, Pasta, Salads, Sandwiches, Steak, Wings",euvnfcwa,$$,hgmexkda,"4025 South Loop, Lubbock, TX, 79423",avtdntrg,79423,jphjbnvq,33.5290003,qygxgnvu,-101.9012337,muffrhof
34368,oddnlgra,65,qrryicvu,1000 Degrees Pizza (Lubbock),gmbaseae,4.7,jlpowhlp,30,icaoznhx,"Pizza, Wings, Salads",sgjmstlo,,kfheqdxn,"3711 19th Street, Lubbock, TX, 79410",cnmcjnqn,79410,ksxbvglz,33.57781,wvetspnb,-101.89448,kzctsfoi
34369,jedlavgi,64,qexxrcnq,Rosa's Cafe &amp; Tortilla Factory,wqzuztlk,4.9,uchnfaom,14,qbrqsepj,"Mexican, Latin American, New Mexican",jqvilnsn,$$,hgmexkda,"5020 Milwaukee Ave., Lubbock, TX, 79407",rehwlwdj,79407,euqzmpyx,33.54449,jttmdbjp,-101.95771,ewkrhknt
34370,pnypcwfe,62,danmkleb,Rosa's Cafe &amp; Tortilla Factory (50th St.),zlkblrxo,4.6,xpmlytsn,29,pzfrafep,"Mexican, Latin American, New Mexican",jqvilnsn,$$,hgmexkda,"3115 50th St, Lubbock, TX, 79413",kcagbdmk,79413,ffrghyfc,33.54825,doelzpoc,-101.88284,cgmchpqt
34371,kabovgem,58,ytvpuisb,Copper Caboose,flbaafon,4.5,llluqiyx,41,ofiwlljl,"Mexican, Latin American, New Mexican",jqvilnsn,$,ippckvpi,"5609 Villa Dr, Lubbock, TX, 79412",fifufjyx,79412,ygbclohz,33.544049,dueqjakf,-101.8498415,iyyeonjg
34372,mkopnpze,54,ysidvmhi,Savage Burrito (Lubbock),bjewuhcf,4.8,ssxdqevq,171,ssofwddm,"Mexican, Burritos, Bowls, Salads",celqravz,$,ippckvpi,"6230 Slide Rd, Lubbock, TX, 79414",izgzrpbe,79414,bbvltflp,33.53744,eqiznekf,-101.92261,flbgopia
34373,hhyktdeo,51,bbeaadkx,Arby's (5204 Slide Rd),hiqbssxc,4.9,uchnfaom,48,wqtuolqk,"American, Sandwich",thdmlasg,$,ippckvpi,"5204 Slide Road, Lubbock, TX, 79414",dkxbfvqx,79414,bbvltflp,33.54654,rcqtddej,-101.92299,vyadqcxo
34374,hkuqbqdg,50,ratyiwnj,Jimmy's Egg (6253 Slide Rd.),lqrospcr,3.9,scndqkrn,33,abujpqmr,"American, Sandwiches, Burgers",xqmiobyd,$,ippckvpi,"6253 Slide Rd, LUBBOCK, TX, 79414",efmpzreu,79414,bbvltflp,33.53593,ikqblndc,-101.92173,lvuowlgb
34375,ghfnsebp,49,ubrmzhfu,Josie's W 19th,gwnbtgrf,4.5,llluqiyx,27,gzaamvrt,"Breakfast and Brunch, Latin American",qiucxohs,$,ippckvpi,"6606 19th St, Lubbock, TX, 79416",nhngyhzj,79416,ypcxxhqq,33.5781735,ujctbgcr,-101.9631705,pnoicdss
34376,uzaezdgf,48,wqtuolqk,Bigham's Smokehouse (4302 19th St),plteoxum,4.6,xpmlytsn,61,eezfylyf,"BBQ, American, Salads",zrfsgqbq,$$,hgmexkda,"4302 19th St, Lubbock, TX, 79407",lvuguwyf,79407,euqzmpyx,33.57828,uojtzkrl,-101.90369,nyalcyki
34377,trbjzpms,47,atsrfigy,Beef 'O' Brady's (Lubbock),bxoinfog,4.8,ssxdqevq,17,hwjilyfr,"American, Chicken, Pizza",idkxcnfd,$$,hgmexkda,"5510 4th Street Suite 280, Lubbock, TX, 79416",ghxziwvq,79416,ypcxxhqq,33.5934384,fqlxkzhp,-101.9337347,tyrujlmd
34378,vfbbqksz,46,uuktfvlt,Subway (6302 Frankford Ave),qrgbtjro,4.8,ssxdqevq,16,vmhlnrih,"Fast Food, Sandwich, American",ekuedfbw,$,ippckvpi,"6302 Frankford Ave, Lubbock, TX, 79424",vtsafnvt,79424,vlbhkipn,33.53606,rsqkcotk,-101.94022,cbaiedmg
34379,bdriifpa,43,cenhszay,Denny's (4718 Slide Rd),tdoqykpk,4.1,qmckbwty,158,hblvpkyn,"American, Breakfast and Brunch, Coffee and Tea, Diner, Desserts, Salads, Steak, Sandwich, Healthy, Family Meals",pqigkkak,$$,hgmexkda,"4718 Slide Rd, Lubbock, TX, 79414",allbgwgv,79414,bbvltflp,33.5499323,gfgrpmei,-101.9229622,inooqlnn
34380,xpwxvspz,42,qzyxbjju,Caprock Cafe,cletuumn,4.9,uchnfaom,20,pdqhfven,"Burgers, American, Sandwiches",buezgyom,$$,hgmexkda,"5217 82nd Street #109, Lubbock, TX, 79424",buznjfhr,79424,vlbhkipn,33.51882,tgmpbamh,-101.92435,lvcnekmw
34381,migqiaut,41,ofiwlljl,Uncle Julio's Mexican (Lubbock),qbfrppef,4.7,jlpowhlp,57,pjsmrbdo,"Mexican, Latin American, New Mexican",jqvilnsn,$,ippckvpi,"6230 Slide Rd, Lubbock, TX, 79414",izgzrpbe,79414,bbvltflp,33.53744,eqiznekf,-101.92261,flbgopia
34382,pdyfwspf,40,tktaodso,50th Street Caboose,bczaeloa,3.9,scndqkrn,61,eezfylyf,"Mexican, Latin American, New Mexican",jqvilnsn,$,ippckvpi,"5027 50th St, Lubbock, TX, 79414",hstqhtcj,79414,bbvltflp,33.5478731,xvniedsp,-101.9210056,pmjkguoy
34383,ezwkgcpa,39,ubskpnmd,Hook &amp; Reel Cajun Seafood (6201 Slide Rd),sbirykvj,4.6,xpmlytsn,94,hnyvmqna,"American, Dinner, Seafood",rwpfsxzx,$$,hgmexkda,"6201 Slide Road, lubbock, TX, 79414",erruvlog,79414,bbvltflp,33.53761,uvbfqmyk,-101.92176,oofgxsxa
34384,negaglae,36,shzctcbr,Hootie's Burger Bar (4950 South Loop 289),xhpuenbj,3.6,eouazibb,32,vaeiyxfm,"American, Bar Food, burger, Sandwiches, Burgers",tmcrunii,$$,hgmexkda,"4950 South Loop 289, Lubbock, TX, 79424",terppxis,79424,vlbhkipn,33.5352282,xuikmsxv,-101.9199971,qmxwhxca
34385,miicwvpd,38,neyttkog,Panera (3004 W loop 289),vxukbrwc,4.5,llluqiyx,81,ddilvthu,"Breakfast and Brunch, salad, Sandwich, Family Meals, Pizza, Healthy, American, Chicken",qyhfwdqr,$,ippckvpi,"3004 W loop 289, Lubbock, TX, 79407",wqjfwmxo,79407,euqzmpyx,33.5669246,beogbcrl,-101.9449325,jyorxuuo
34386,svatsosw,34,hocvakfw,Raising Cane's,dmneonwq,4.7,jlpowhlp,133,dprzxfth,"Burgers, American, Sandwiches",buezgyom,$$,hgmexkda,"2725 82nd St., Lubbock, TX, 79423",cdqasopm,79423,jphjbnvq,33.51918,znudsipy,-101.87751,mrwogtaf
34387,hxeinarh,33,abujpqmr,It's Just Wings (5805 Slide Rd.),hosnieuu,4.4,bglydeew,67,zhcsxyni,"American, Wings",qevblgmx,$$,hgmexkda,"5805 Slide Rd., Lubbock, TX, 79414-4305",bnxyvawf,79414-4305,bbsfclpy,33.54102,tfzwaguo,-101.9218,fyullbsz
34388,kopgneja,32,vaeiyxfm,Glazed Honey Ham Co. Sandwich Shop,uxjcyoid,4.9,uchnfaom,22,sqsgtysj,"Sandwich, Salads, Desserts, Healthy",nzpxjpax,$,ippckvpi,"3424 82nd St, Lubbock, TX, 79423",dpdquttu,79423,jphjbnvq,33.5201703,ocowmacs,-101.890013,slhksrkw
34389,qmhjnmmt,31,vmzgwudq,Red Lobster (5034 50th Street),oclokxrv,4.6,xpmlytsn,45,rwpdinau,"Seafood, American, Family Meals",tgypssrz,$$,hgmexkda,"5034 50th Street, Lubbock, TX, 79414",nlefzeom,79414,bbvltflp,33.5494959,uiknzkje,-101.9210736,avbfxbeu
34390,fruvkvey,30,icaoznhx,Jersey Mike's (6319 82nd Street),inuznigb,4.7,jlpowhlp,93,iherqdcc,"Sandwich, American",ddtutfyk,$,ippckvpi,"6319 82nd Street, Lubbock, TX, 79424",esswrfmr,79424,vlbhkipn,33.519126,pnxlrmwx,-101.956382,uhoucyem
34391,tbpnbyfn,28,kjvfeloh,Long John Silver's (5402 4th St.),chgrxigq,4.3,vadxbehl,36,shzctcbr,"Seafood, American, Chicken, Fish and Chips, Family Meals",bplnhzzi,$,ippckvpi,"5402 4th St., Lubbock, TX, 79416",ofyoscdh,79416,ypcxxhqq,33.5927,aktuborz,-101.92537,sjvahims
34392,zwyuweiq,27,gzaamvrt,KFC (7601 82nd Street),lvzfuibi,,kfheqdxn,,kfheqdxn,"American, Fast Food, wings, Family Meals",mwbfoehj,$,ippckvpi,"7601 82nd Street, Lubbock, TX, 79424",mxzixwvy,79424,vlbhkipn,33.5194239,mvsijgfv,-101.9869694,haorfdxh
34393,mimrvnln,26,gljauifb,MrBeast Burger (6709 Slide Road),lgzcjnwe,3.8,lbmpsdpe,88,xxfmfrwe,"American, Burgers, Sandwich",hltfkqvc,$$,hgmexkda,"6709 Slide Road, Lubbock, TX, 79424",ogllblsa,79424,vlbhkipn,33.53363,wmssgdea,-101.92191,jmgvmlyu
34394,srqbevob,25,mrsedbik,Wendy's  (6815 Milwaukee Avenue),rfboqdiu,4.6,xpmlytsn,28,kjvfeloh,"American, Burgers, Fast Food",qnbeckfj,$,ippckvpi,"6815 Milwaukee Avenue, Lubbock, TX, 79424",emxhwgsp,79424,vlbhkipn,33.5305,ovuzoeai,-101.95668,ugauldbg
34395,pukrvfrf,22,sqsgtysj,Bigham's Smokehouse (Milwaukee),cncdwnuo,4.5,llluqiyx,32,vaeiyxfm,"BBQ, American, Burgers",iiqsoeed,,kfheqdxn,"5012 Milwaukee Ave, Lubbock, TX, 79407",fbeokkid,79407,euqzmpyx,33.54675,zmwzobsu,-101.95771,ewkrhknt
34396,trdqygti,21,trhdsimr,Chili's (5805 Slide Rd.),tdyetkmd,4.3,vadxbehl,112,scnbhgku,"American, Burgers, Salads, Family Meals, Healthy, Comfort Food, Pasta, Sandwiches, Steak, Wings",kvsichfb,$$,hgmexkda,"5805 Slide Rd., Lubbock, TX, 79414-4305",bnxyvawf,79414-4305,bbsfclpy,33.54102,tfzwaguo,-101.9218,fyullbsz
34397,wlavqqkw,20,pdqhfven,J &amp; M Bar-B-Q,kwpnekuj,4.5,llluqiyx,22,sqsgtysj,"Salads, Chicken, Sandwich, Healthy, Family Meals",iwasyvvo,$$,hgmexkda,"3605 34th St, Lubbock, TX, 79410",ezblpima,79410,ksxbvglz,33.5629131,kvjkkiaa,-101.8927732,gmjaviwa
34399,glhdyypz,16,vmhlnrih,Burger King (6003 West 19th Street),uzcsysgs,3.9,scndqkrn,30,icaoznhx,"American, burger, Fast Food, Family Meals",uycrzkad,$,ippckvpi,"6003 West 19th Street, Lubbock, TX, 79407",gzvuxzcb,79407,euqzmpyx,33.5773581,gieyxrkg,-101.9477468,hngodrsl
34400,vscqjjns,13,hwsknprk,Bone Daddyâ€™s - Lubbock,wznmfogi,4.5,llluqiyx,88,xxfmfrwe,"BBQ, American, Burgers, Family Meals",dezxbpwh,$,ippckvpi,"3008 W Loop 289, Lubbock, TX, 79407",erfenutk,79407,euqzmpyx,33.5662817,zsxyoemx,-101.9448516,mymjzmae
34401,qpvwtqyh,12,teazwtkq,Firehouse Subs - Lubbock,wosbeuts,4.8,ssxdqevq,133,dprzxfth,"Sandwich, American",ddtutfyk,$,ippckvpi,"5027 Milwaukee Ave, Lubbock, TX, 79407",qupbrdyi,79407,euqzmpyx,33.5455795,wudqcjad,-101.9554755,qunpdkmm
34402,dnjyiket,11,xehpvbdi,Red Robin Gourmet Burgers (4805 S Loop 289 #200),fopxhhbj,4.8,ssxdqevq,65,qrryicvu,"American, Burgers, Chicken",ywvddkav,$,ippckvpi,"4805 S Loop 289 Bldg 200, Lubbock, TX, 79424",facjrdwu,79424,vlbhkipn,33.5315465,focvbtma,-101.914853,jfswaqjc
34404,xpwobucf,9,kouspxna,BJ's Restaurant &amp; Brewhouse (Lubbock #534),vhpbzhqt,4.8,ssxdqevq,182,kgmvhaji,"American, Burgers, Pizza, Family Meals",zgvqhgwr,$$,hgmexkda,"4805 South Loop 289 Bldg #100, Lubbock, TX, 79424",pbyuoobe,79424,vlbhkipn,33.5315453,zcoewjbg,-101.9144039,tmufvvtb
34405,sjyncvtu,8,upfyjywp,Cotton Patch Cafe (6810 Slide Rd),rtivfwob,4.4,bglydeew,138,irzzacws,"Burgers, American, Sandwiches, Comfort Food, Chicken, Family Meals",aslyyovx,$,ippckvpi,"6810 Slide Rd, Lubbock, TX, 79424",afovlwfv,79424,vlbhkipn,33.5320794,ureearxh,-101.9229858,ydckjrzy
34406,ypqajavh,6,lpjgakma,Whataburger (6414 82nd St),gcimnich,4.6,xpmlytsn,29,pzfrafep,"Burgers, Fast Food, Burgers, Sandwiches, American",xteihxva,$$,hgmexkda,"6414 82nd St, Lubbock, TX, 79424",kxbjphmr,79424,vlbhkipn,33.52031,lsusrpgz,-101.95495,fiwwwykq
34407,bdtihxhi,5,qaqgyizq,Chick-fil-A  (6416 82nd St),rgmeonla,4.8,ssxdqevq,64,qexxrcnq,"American, Fried Chicken, Family Meals, Southern, Sandwich, Fast Food",llbvogjw,$,ippckvpi,"6416 82nd St, Lubbock, TX, 79424",fnpfzelm,79424,vlbhkipn,33.5203203,xzudomcv,-101.9559011,vvlnyggi
34408,pjlnlwkk,4,bwfhkliz,Cracker Barrel Old Country Store (5018 Milwaukee Ave),kuftulwl,4.6,xpmlytsn,191,vwapljne,"Burgers, American, Sandwiches, Family Meals",wctbyjce,$,ippckvpi,"5018 Milwaukee Ave, Lubbock, TX, 79407",hgmvunmy,79407,euqzmpyx,33.545221,yoeqbavk,-101.9576458,tasjxnta
34409,ixwvgxvh,3,poakcije,Aspen Creek Grill (Lubbock),fptzfakg,4.6,xpmlytsn,144,lgakpfwn,"Burgers, American, Sandwiches, Family Meals",wctbyjce,$,ippckvpi,"3012 West Loop 289, Lubbock, TX, 79407",ubsocjla,79407,euqzmpyx,33.5660198,qvrgubgd,-101.9451493,zacklsjo
34410,nattspqk,2,kxqdewxh,McDonald'sÂ® (6511 82nd Street),nannsmka,4.4,bglydeew,187,mmuygdhh,"American, Burgers, Fast Food",qnbeckfj,$,ippckvpi,"6511 82nd Street, LUBBOCK, TX, 79424",mmoarnxx,79424,vlbhkipn,33.5192121,seuymxcg,-101.9582512,sxrkfflv
34411,gvmzoqud,1,bczrrtuy,Five Guys TX-1031 6076 Marsha Sharp Freeway,uzjpyiyc,4.9,uchnfaom,57,pjsmrbdo,"American, Burgers",iglnrwpk,$,ippckvpi,"6076 Marsha Sharp Freeway, Lubbock, TX, 79407",qkjtklqz,79407,euqzmpyx,33.546723,drwqzlmu,-101.955608,bejmgyuk
34413,finxrzws,26,gljauifb,Papa Murphy's (TX062 6319 82nd Street),ajqttdpn,,kfheqdxn,,kfheqdxn,Pizza,bblqicsh,$,ippckvpi,"6319 82nd Street, Lubbock, TX, 79424",esswrfmr,79424,vlbhkipn,33.5190135,rtsaesmq,-101.9564637,fvleofsw
34414,rxcctkpj,25,mrsedbik,IHOP (1627 University Ave),tqamxnkt,4.3,vadxbehl,200,dygpkneu,"Fast Food, Breakfast and Brunch, Traditional American, Family Meals",pcmmhnwf,$$,hgmexkda,"1627 University Ave, Lubbock, TX, 79401",jgmncavw,79401,wqjuquzf,33.5785494,mdqhpzgf,-101.8702468,hedunilq
34415,auaethgf,24,ztxkkhqy,Woody's Brick Oven Pizza,vrnkewly,4.4,bglydeew,62,danmkleb,"Pizza, Salads, Italian, Healthy, Family Friendly, Allergy Friendly",octjeqkm,$$,hgmexkda,"3135 34th St, Lubbock, TX, 79410",mfekeaho,79410,ksxbvglz,33.5628086,gnfkgfoq,-101.8831045,ktbxskwj
34416,seeuauzo,23,ebkxhewn,The Burger Den (4718 Slide Rd),hkloylrn,4.1,qmckbwty,28,kjvfeloh,"American, Burgers, Comfort Food, Vegetarian Friendly, Fast Food",fleckmqo,$$,hgmexkda,"4718 Slide Rd, Lubbock, TX, 79414",allbgwgv,79414,bbvltflp,33.54982,mmwouhpd,-101.92314,wodxgpbm
34417,jdazkxbn,22,sqsgtysj,Tech Cafe #4,jftzcumm,4.5,llluqiyx,86,impsiuge,Comfort Food,mzieroag,$,ippckvpi,"11703 University Ave, Lubbock, TX, 79423",sqiyvlqw,79423,jphjbnvq,33.4882668,wvzhbkka,-101.8698933,xdlbbquf
34418,ovvybacm,21,trhdsimr,Chicken N' Biscuits by Cracker Barrel (5018 Milwaukee Ave),hpqbucve,3.6,eouazibb,11,xehpvbdi,"American, Comfort Food, Fried Chicken, Family Meals, Sandwich, Family Friendly",bvbbzjcx,$$,hgmexkda,"5018 Milwaukee Ave, Lubbock, TX, 79407",hgmvunmy,79407,euqzmpyx,33.54534,qqdnzevg,-101.95771,ewkrhknt
34419,ihniuljn,20,pdqhfven,KFC (7823 Slide Road),fkjgnmvl,4.6,xpmlytsn,18,cchayikx,"American, Fast Food, wings, Family Meals, Family Friendly",cvowfueq,$,ippckvpi,"7823 Slide Road, Lubbock, TX, 79424",qdvrmqkz,79424,vlbhkipn,33.5213844,hjtauqez,-101.9220676,nkocflqy
34420,btmstyiy,19,xgrmfogh,DoubleDave's Pizzaworks (19th Street),yuvleenj,4.9,uchnfaom,59,mnpzvlns,"Pizza, American, Italian, Wings, Salads, Sandwiches, Family Friendly, Local Specialities",udcdjofi,,kfheqdxn,"4206 19th Street
Suite 400, Lubbock, TX, 79407",hznejpqa,79407,euqzmpyx,33.57838,tyykdgbo,-101.90301,mpalkwrv
34421,wgkcotwl,18,cchayikx,The Pancake Kitchen by Cracker Barrel (5018 Milwaukee Ave),fciqkser,4.6,xpmlytsn,20,pdqhfven,"American, Breakfast &amp; Brunch, Sandwich, Comfort Food, Desserts, Family Friendly",yemauvnp,$$,hgmexkda,"5018 Milwaukee Ave, Lubbock, TX, 79407",hgmvunmy,79407,euqzmpyx,33.54534,qqdnzevg,-101.95771,ewkrhknt
34422,acuufskx,17,hwjilyfr,Outback Steakhouse (4015 South Loop 289),nkaeualg,4.5,llluqiyx,110,qrguzqku,"Burgers, American, Sandwiches, Steak, Seafood, Salads, BBQ, Healthy, Family Friendly",ibhaaeeg,$,ippckvpi,"4015 South Loop 289, Lubbock, TX, 79423",ptsrieht,79423,jphjbnvq,33.5286753,lehnosqz,-101.9003122,dhljvztc
34423,gyooowkb,16,vmhlnrih,Arby's (5711 19Th Street),wjxyiwkq,4.8,ssxdqevq,46,uuktfvlt,"American, Sandwich, Desserts, Fast Food, Kids Friendly",sfzeslsh,$,ippckvpi,"5711 19Th Street, Lubbock, TX, 79407",mhgxhyhc,79407,euqzmpyx,33.5774398,ynojbkur,-101.9372224,yjqblzvw
34424,giwhnyjz,15,hpgibmde,Italian Garden,pfhumzkn,4.6,xpmlytsn,200,dygpkneu,"Italian, Pizza, Family Friendly",fjdhaszn,$,ippckvpi,"Green Building, Lubbock, TX, 79401",okkcqlpd,79401,wqjuquzf,33.5837102,tmwoslkt,-101.8465667,lpezwbuu
34425,eqtvuwte,13,hwsknprk,Royal Indian cuisine,odgmauts,4.2,ggjpypyt,90,tmiohfrq,"Indian, Vegetarian Friendly, Seafood",udvxknae,,kfheqdxn,"3806 50th Street, Lubbock, TX, 79413",cicrdpwm,79413,ffrghyfc,33.54906,agahubdo,-101.89765,bwurepkd
34426,expukskf,12,teazwtkq,Fresh Set 537 (4805 South Loop 289),xputioir,,kfheqdxn,,kfheqdxn,"Healthy, Salads, Vegetarian Friendly, Cafe",zkbgpdpp,$,ippckvpi,"4805 South Loop 289 Building 200, Lubbock, TX, 79424",clvchzdx,79424,vlbhkipn,33.53166,shzkunbo,-101.91487,epqsghip
34427,zmhtndjc,14,qbrqsepj,McDonald'sÂ® (5201 4TH ST),eaispgas,4.6,xpmlytsn,200,dygpkneu,"American, Burgers, Fast Food, Group Friendly",bphzwuru,$,ippckvpi,"5201 4TH ST, LUBBOCK, TX, 79416",ywefuoej,79416,ypcxxhqq,33.591885,vmfqtvhh,-101.922898,zaclxdkl
34428,byobhvot,10,vfqrribt,Tikka Shack (Texas Tech),bdhsylby,4.5,llluqiyx,100,xleqarad,"Indian, Vegetarian, Asian, Allergy Friendly",prdtjlxq,,kfheqdxn,"2407 9th Street , Suite 500, Lubbock, TX, 79401",rhoczsqo,79401,wqjuquzf,33.58688,bqgjimug,-101.86898,wkokzenj
34429,ichyggni,11,xehpvbdi,"Abuelo's (Lubbock, TX)",dtjiwqes,4.6,xpmlytsn,102,swcrfqwk,"Mexican, Latin American, New Mexican, Family Friendly",ixlqcdus,$,ippckvpi,"4401 82nd St, Lubbock, TX, 79424",auyggxdv,79424,vlbhkipn,33.5191468,vgaqlrtv,-101.9060942,wpcudzkx
34430,pgcfaxrk,9,kouspxna,DoubleDave's Pizzaworks (82nd Street),eosquqyd,4.8,ssxdqevq,60,wnnveotg,"Pizza, Wings, Salads, Sandwiches, Desserts, American, Italian, Family Friendly, Local Specialities",hbsqrjmf,$,ippckvpi,"6023 82nd St, Lubbock, TX, 79424",nvpizajw,79424,vlbhkipn,33.5190415,yfkvteth,-101.9470999,zrdtxcho
34431,hydxzkgi,8,upfyjywp,BurgerFi Lubbock,pbuhyfsp,4.6,xpmlytsn,124,jkuuvqgr,"Burgers, American, Vegetarian Friendly",hkstqwde,$,ippckvpi,"4210 82nd St, Lubbock, TX, 79423",nujqxovj,79423,jphjbnvq,33.5207078,cxhshwko,-101.9027734,gxncjmrs
34432,itenjwgj,5,qaqgyizq,Pei Wei (4210 82nd St. Suite 230),rnjgygcq,4.7,jlpowhlp,109,foucwewx,"Chicken, Salads, Asian, Chinese, Asian Fusion, Family Meals, Family Friendly",libsgxlv,$$,hgmexkda,"4210 82nd St., Lubbock, TX, 79423",ifrfcief,79423,jphjbnvq,33.5205823,chuhxeyg,-101.9023103,knilpvih
34433,dieeldvk,4,bwfhkliz,East Moon (Lubbock),roicjjhc,4.5,llluqiyx,133,dprzxfth,"Asian Fusion, Asian, Sushi, Rolls, Chinese, Chicken, Seafood, Japanese, Family Friendly",trhlznav,$,ippckvpi,"5028 50th St, Lubbock, TX, 79414",tpybafjc,79414,bbvltflp,33.549408,sgzenlnv,-101.9205995,nzezgdda
34434,rocusukl,3,poakcije,Tikka Shack,czhorsrm,4.8,ssxdqevq,124,jkuuvqgr,"Indian, Halal, Family Friendly, Allergy Friendly",gzrgyzxh,$$,hgmexkda,"6620 Milwaukee Ave, Lubbock, TX, 79424",hagqjjuh,79424,vlbhkipn,33.5330918,pzfvjeex,-101.95765,rytmwcgd
34435,kzzkhhjw,2,kxqdewxh,P.F. Chang's (Lubbock),ftjwpcxo,4.5,llluqiyx,200,dygpkneu,"Chinese, Family Friendly, Group Friendly",cosvrtro,$$,hgmexkda,"2906 W. Loop 289, Lubbock, TX, 79407",ngfyoomu,79407,euqzmpyx,33.56798081,hxxgynub,-101.9451743,cxneattt
34436,jdkrchzq,1,bczrrtuy,MotoMedi Mediterranean,pepkmdkj,4.8,ssxdqevq,70,bqigqlor,"Mediterranean, Greek, Vegetarian, Allergy Friendly",belsmfpj,,kfheqdxn,"3204 W. Loop 289 Suite 300, Lubbock, TX, 79407",msftlckr,79407,euqzmpyx,33.56642,xypjkatl,-101.94464,nqgqflri
34437,amhpqaxh,16,vmhlnrih,Cajun Kitchen  (Lubbock),sovbbwhl,,kfheqdxn,,kfheqdxn,"Comfort Food, Caribbean, Cajun",lwpftmkf,$,ippckvpi,"4805 S Loop 289 Ste 400, Lubbock, TX, 79424",yuebvmnm,79424,vlbhkipn,33.5328,givadsnm,-101.91542,bapdduin
34438,wbhirvgw,15,hpgibmde,The Lost Cajun (Lubbock),rnentnqd,4.6,xpmlytsn,16,vmhlnrih,"Seafood, American, Southern, Cajun",xnwiriif,,kfheqdxn,"6810 Milwaukee Ave, Lubbock, TX, 79424",cbnlnfpb,79424,vlbhkipn,33.53215,zueufhqk,-101.95723,vddhgwxz
34439,sdbkckhj,14,qbrqsepj,Razzoo's Cajun Cafe (Lubbock),tqyxnulb,4.5,llluqiyx,80,cgwwmffm,"Comfort Food, Cajun, Southern, Seafood",ewencbej,$,ippckvpi,"4805 S Loop 289 Ste 400, Lubbock, TX, 79424",yuebvmnm,79424,vlbhkipn,33.5317902,xutdmqwu,-101.915688,zlbrelae
34440,hbtbqppr,10,vfqrribt,Ooo La Lattes,uwdpjhnm,4.8,ssxdqevq,33,abujpqmr,"Black-owned, Coffee and Tea, Juice and Smoothies",qgoedfed,$,ippckvpi,"2902 Slide Rd, Lubbock, TX, 79407",nkvbdnbf,79407,euqzmpyx,33.5676096,idmfrddm,-101.9226122,ssbkixkg
34441,aucgelqy,13,hwsknprk,Walk-On's Sports Bistreaux (Lubbock),ubbeulmr,4.4,bglydeew,37,vsdpqypb,"Cajun, Seafood, Burgers",limxjxdi,$$,hgmexkda,"2630 W Loop 289, Lubbock, TX, 79407",ixadltdx,79407,euqzmpyx,33.5688474,sajlyqjt,-101.9451144,wspcdgnj
34442,mkcucfku,11,xehpvbdi,Subway (6301 19Th St),kxqijiut,4.7,jlpowhlp,26,gljauifb,"Fast Food, Sandwich, American",ekuedfbw,$,ippckvpi,"6301 19Th St, Lubbock, TX, 79407",cbxcdihs,79407,euqzmpyx,33.57741,ierjfpgm,-101.95313,rwnhjbjd
34443,ivduqtsn,7,orhxfgeb,Potbelly Sandwich Works (Lubbock DT - TX | 525),xjnhfveg,4.6,xpmlytsn,45,rwpdinau,"Sandwich, Salads, Healthy",mkgiswlx,$,ippckvpi,"6616 Milwaukee Ave, Lubbock, TX, 79424",anjwthhd,79424,vlbhkipn,33.5334166,tpqhybaf,-101.9576682,qrfcomve
34444,ydlaktey,6,lpjgakma,Jamba (6002 Slide Road),ailxozel,,kfheqdxn,,kfheqdxn,"Seafood, American, Southern",ygdubizm,$,ippckvpi,"6002 Slide Road, Lubbock, TX, 79414",wdnnxjhu,79414,bbvltflp,33.53976,oyabxwdu,-101.92256,gbouguoh
34445,lmbzgdmy,5,qaqgyizq,Starbucks (Brownfield &amp; Milwaukee),ovtfoopo,5,mjglaesm,91,ygfqfjwo,"Bakery, Breakfast and Brunch, Cafe, Coffee &amp; Tea",ritlnfwg,$,ippckvpi,"5014 Milwaukee, Lubbock, TX, 79407",tewlaqgb,79407,euqzmpyx,33.546354,tmgizyhc,-101.957598,vpdoskih
34446,ybexzrhz,4,bwfhkliz,Keva Juice,enhdqank,5,mjglaesm,24,ztxkkhqy,Juice and Smoothies,nrkaudde,$,ippckvpi,"4410 19th St, Lubbock, TX, 79407",bikxnzio,79407,euqzmpyx,33.5783424,bgvttrhj,-101.9064865,hutegdrw
34447,yxoyrpld,3,poakcije,Tropical Smoothie Cafe - 80th Street,xtyojdbu,4.8,ssxdqevq,34,hocvakfw,"JuiceAndSmoothie, Healthy, Fast Food, Juice and Smoothies",ctkdtdmz,$,ippckvpi,"5139 80th Street, Lubbock, TX, 79424",qgdyrhce,79424,vlbhkipn,33.5205727,afiuiwbc,-101.9219331,spfuwzgz
34448,uixdljlr,2,kxqdewxh,Bahama Buck's - 7718 Milwaukee Avenue,lucsllbu,,kfheqdxn,,kfheqdxn,"Desserts, Ice Cream &amp; Frozen Yogurt",bmnlwytt,$,ippckvpi,"7718 Milwaukee Ave, Lubbock, TX, 79424",dpmfubay,79424,vlbhkipn,33.5229717,egwsqbzr,-101.9577182,pajjmtra
34449,apxmikpl,11,xehpvbdi,Joe's Crab Shack (5802 W Loop South 289),dakfprtb,,kfheqdxn,,kfheqdxn,"Seafood, American, Southern, Healthy, Desserts, Alcohol",ltvilmao,$$,hgmexkda,"5802 W Loop South 289, Lubbock, TX, 79424",erhexdtj,79424,vlbhkipn,33.5420224,lvzzypxs,-101.9361492,mcmtlahj
34450,lciurlif,10,vfqrribt,#106 Twisted Root-Lubbock,ghxphnaj,4.6,xpmlytsn,79,bbqzsute,"Burgers, American, Sandwiches, Alcohol",kgxqekxf,$,ippckvpi,"116 West Loop 289, Lubbock, TX, 79416",yfxifdfl,79416,ypcxxhqq,33.59693,dpvcgudw,-101.92341,gqizmzgq
34451,mudxrxtn,8,upfyjywp,Ember Smoked BBQ  (6251 Slide Rd.),gvrkdbjf,,kfheqdxn,,kfheqdxn,"American, Steak, BBQ, Alcohol",innoftgt,$$,hgmexkda,"6251 Slide Rd., Lubbock, TX, 79414",fqzklgoz,79414,bbvltflp,33.53642,edxwmumj,-101.92175,pruvlzri
34452,vmxamgze,9,kouspxna,Saltgrass (6026 Marsha Sharp Freeway),bflvyqvn,4.5,llluqiyx,32,vaeiyxfm,"Seafood, American, Southern, Healthy, Desserts, Alcohol",ltvilmao,$$,hgmexkda,"6026 Marsha Sharp Freeway, Lubbock, TX, 79407",rkqwnijw,79407,euqzmpyx,33.5492075,ndeeiipg,-101.9489549,pllmyhea
34453,inocbjwh,7,orhxfgeb,Nick Stop Liquor,dpmwshwy,4.9,uchnfaom,10,vfqrribt,"Alcohol, Drinks, Liquor Stores",jkbbrscl,,kfheqdxn,"5812 Avenue P, Lubbock, TX, 79412",hhndhovj,79412,ygbclohz,33.540658,iczmbrwg,-101.853376,fwontgzs
34454,tozrjtat,4,bwfhkliz,Velvet Taco ( Lubbock ),bupyuemi,4.7,jlpowhlp,170,jtvjgwbf,"New Mexican, Vegetarian Friendly, Gluten Free Friendly, New American, Tacos, Alcohol",rxhgfzht,$,ippckvpi,"2401 GLENNA GOODACRE BLVD, Lubbock, TX, 79401",uyumwbll,79401,wqjuquzf,33.58807,cdmqgqzr,-101.86887,kblaheux
34455,eziksmit,3,poakcije,Endzone Liquor Overton Park,jindqsxx,,kfheqdxn,,kfheqdxn,"Alcohol, Drinks, Wine",aqvimfkp,$,ippckvpi,"2407 9th St #300, Lubbock, TX, 79401",wqeycimm,79401,wqjuquzf,33.58731,yzihgqkk,-101.86902,yhnabovj
34456,swkccfnd,2,kxqdewxh,Fat Kat's Liquor,hftcnhuq,4.6,xpmlytsn,35,vqzozqki,"Alcohol, Drinks, Wine, Liquor Stores",oksjemhr,$$,hgmexkda,"4403 50th Street, Lubbock, TX, 79414",lanenmhs,79414,bbvltflp,33.548246,tccuregb,-101.906301,wnwnyrpm
34457,rplhqfwx,33,abujpqmr,The Catch (Lubbock),jftqelmn,,kfheqdxn,,kfheqdxn,"Seafood, American, Southern",ygdubizm,$,ippckvpi,"5111 82nd Street, Lubbock, TX, 79424",ysfcroco,79424,vlbhkipn,33.51929,anrylupe,-101.92123,eomreege
34458,yhpjgqoa,32,vaeiyxfm,PJ Fresh (602 4th Street),jbkmffax,,kfheqdxn,,kfheqdxn,"Burgers, American, Sandwiches",buezgyom,$,ippckvpi,"602 4th Street, Lubbock, TX, 79401",sweqwgqs,79401,wqjuquzf,33.59301,ytrxhzjt,-101.8411,srvinbpi
34459,ilfynrph,31,vmzgwudq,Bed Bath &amp; Beyond (2624 W Loop 289),ngepdaae,,kfheqdxn,,kfheqdxn,"Retail, Gift Store, Beauty Supply",zwofnbfp,$,ippckvpi,"2624 W Loop 289, Lubbock, TX, 79407",obmkpunh,79407,euqzmpyx,33.569751,dgdvueda,-101.9467908,bbfcaifr
34460,eltdkuis,30,icaoznhx,Red Zone Cafe,mjnyaamb,,kfheqdxn,,kfheqdxn,"Burgers, American, Sandwiches",buezgyom,$$,hgmexkda,"3602 Slide Rd, Lubbock, TX, 79414",zxqjiawh,79414,bbvltflp,33.56084,qdinfsqd,-101.923,cgvsmaol
34461,siwrofjc,29,pzfrafep,Dimba's Chicken &amp; Seafood,helgmetu,,kfheqdxn,,kfheqdxn,"Seafood, American, Southern",ygdubizm,$$,hgmexkda,"5010 Quaker Avenue, Lubbock, TX, 79413",aokbsnif,79413,ffrghyfc,33.548016,zcsmyail,-101.90544,aikllcov
34462,fbdvqmza,28,kjvfeloh,The Honeycomb Pie Shoppe,itycuvba,,kfheqdxn,,kfheqdxn,"Desserts, Vegetarian, Coffee and Tea",yxeqtfar,$$,hgmexkda,"3833 50th St, Lubbock, TX, 79413",ebonclmt,79413,ffrghyfc,33.548111,opihpwkt,-101.899455,nwhzfnzk
34463,eqavytha,27,gzaamvrt,ThirsTeas,kpauexcs,,kfheqdxn,,kfheqdxn,"Coffee and Tea, American, Breakfast and Brunch",tzvuneoy,,kfheqdxn,"6417 34th Street, Lubbock, TX, 79407",itsbonoy,79407,euqzmpyx,33.56314,pkkmokee,-101.95494,bumetxme
34464,vkfaohtj,25,mrsedbik,Hootie's Bait &amp; Tackle (4950 South Loop 289),wddmauvt,4.3,vadxbehl,33,abujpqmr,"American, Barfood, Wings, Seafood, Fish and Chips, Desserts, Fast Food, Bar Food, Sandwich",dtrbgcvn,$$,hgmexkda,"4950 South Loop 289, Lubbock, TX, 79414",pvoqyjjq,79414,bbvltflp,33.5352282,xuikmsxv,-101.9199971,qmxwhxca
34465,nnjhoaay,26,gljauifb,Endzone Liquor,djlczxez,4.9,uchnfaom,47,atsrfigy,"Alcohol, Liquor Stores, Drinks, Wine",evxyhuzr,$,ippckvpi,"5718 4th St, Lubbock, TX, 79416",jgeehuoy,79416,ypcxxhqq,33.5927941,rncoraaa,-101.9387992,gtbbadry
34466,kfbpkepr,24,ztxkkhqy,Krispy Kreme (4301 South Loop 289),ehzssbgq,4.5,llluqiyx,23,ebkxhewn,"Bakery, Desserts, Donuts",nvbosrwc,$,ippckvpi,"4301 South Loop 289, Lubbock, TX, 79423",qbrhtxac,79423,jphjbnvq,33.5296704,rgyssghi,-101.9056489,nqxokanq
34467,riqxkguz,23,ebkxhewn,Pizza Hut (9830 Slide Rd),ewldzaqi,,kfheqdxn,,kfheqdxn,"wings, Pizza, Fast Food",mvidtkxa,$,ippckvpi,"9830 Slide Rd, Lubbock, TX, 79424",tojhlmup,79424,vlbhkipn,33.50165,hkcocggd,-101.92289,ufuuokut
34468,gndlqhdq,22,sqsgtysj,River Smith's Chicken &amp; Catfish,jwkwdsyy,4.3,vadxbehl,54,ysidvmhi,"Seafood, American, Southern, Family Meals",elyplqdw,$,ippckvpi,"406 Avenue Q, Lubbock, TX, 79401",adeaahnd,79401,wqjuquzf,33.591581,elerzrck,-101.8558636,dgzdghwu
34469,qtrxaycs,20,pdqhfven,Church's Chicken (6410 19th St),ubwrlstf,4.6,xpmlytsn,15,hpgibmde,"Fast Food, Family Meals",royyyvkr,$,ippckvpi,"6410 19th St, Lubbock, TX, 79407",fgewnfqx,79407,euqzmpyx,33.578332,wkxqzyow,-101.9553517,hjwodkey
34470,pcsnjaee,19,xgrmfogh,Jason's Deli (4001 S Loop 289),vnzaqrrz,4.7,jlpowhlp,189,vnbsemwk,"American, Deli, Sandwich, Salads, Pasta, Family Meals",vhivsara,$$,hgmexkda,"4001 S Loop 289, Lubbock, TX, 79423",bgoiqysk,79423,jphjbnvq,33.528502,cbktcxad,-101.8992227,wttyvdgg
34472,dpirmnnv,18,cchayikx,Logan's Roadhouse 353 (6251 Slide Road),voopwwnr,4,hhbtwgfy,73,bztlhlcs,"Burgers, American, Sandwiches, Family Meals",wctbyjce,$,ippckvpi,"6251 Slide Road, Lubbock, TX, 79414",bhzsoamz,79414,bbvltflp,33.536494,bknnkgod,-101.921743,kqmwuymu
34473,ofuauioc,17,hwjilyfr,La Bella Pizza Bistro,vdmnptyx,4.5,llluqiyx,134,tyvbgbmj,"Pizza, American, Italian",lzveythk,$,ippckvpi,"2110 50th Street, Lubbock, TX, 79412",wenjjmni,79412,ygbclohz,33.5491,syqakhpj,-101.86272,igtlfbzd
34474,tcwivgcd,16,vmhlnrih,Tropical Smoothie Cafe (2422 19th Street),reesmtsp,4.8,ssxdqevq,32,vaeiyxfm,"Juice and Smoothies, Healthy, Fast Food",gncvlkdg,$,ippckvpi,"2422 19th Street, Lubbock, TX, 79401",mjqnfvsi,79401,wqjuquzf,33.57825,xrlhtawp,-101.86971,oefsokyn
34475,nqeahsvu,15,hpgibmde,All-American Eatery No. 2,kschravi,4.1,qmckbwty,27,gzaamvrt,"American, Sandwich, Burgers",ufqlkjjh,$$,hgmexkda,"1902 34th St., Lubbock, TX, 79411",voyrjzgv,79411,weldbseu,33.5636,dbjsopuy,-101.85776,jjubyzsr
34476,iwulqmhx,14,qbrqsepj,Vitality Bowls (2400 Glenna Goodacre Blvd),tqftqnaa,4.7,jlpowhlp,74,ftuanbgx,"Healthy, Vegetarian, Salads",gdlgnujt,,kfheqdxn,"2400 Glenna Goodacre Blvd, Lubbock, TX, 79401",bfvcdvxb,79401,wqjuquzf,33.5892,mhmtoszk,-101.8691,nypuxlce
34477,khxfrxoy,13,hwsknprk,Hooters (4950 S Loop 289),mwudhlrj,4.4,bglydeew,114,cbrvzmto,"American, Bar Food, Wings, Chicken, Burgers, Alcohol",fbndcmec,$$,hgmexkda,"4950 South Loop 289, Lubbock, TX, 79414",pvoqyjjq,79414,bbvltflp,33.5352282,xuikmsxv,-101.9199971,qmxwhxca
34478,pegvzvjc,12,teazwtkq,Popeyes (7714 Milwaukee Avenue),ernathef,4.2,ggjpypyt,63,fngecvmy,"American, Chicken, Family Meals, Fried Chicken, Comfort Food",czgozakj,$,ippckvpi,"7714 Milwaukee Avenue, Lubbock, TX, 79424",ktrtaavv,79424,vlbhkipn,33.5234832,wgpcnguk,-101.9575522,ucxcicnt
34479,hocxktdk,11,xehpvbdi,Taco Bell (6512 82nd St),ccskpfer,,kfheqdxn,,kfheqdxn,"Burritos, Fast Food, Mexican",qdscemnt,$,ippckvpi,"6512 82nd St, Lubbock, TX, 79424",uyqgabmu,79424,vlbhkipn,33.5201996,txrizyuo,-101.9583534,afefaqxa
34480,pavbolkz,10,vfqrribt,Potbelly Sandwich Shop (2402 9th St. | 510),vhumtbqp,4.7,jlpowhlp,66,lsyqrebi,"Deli, Salads, Sandwich, Healthy",mmubaire,$,ippckvpi,"2402 9th St., Lubbock, TX, 79401",zhzjxnct,79401,wqjuquzf,33.5875832,vokzzgzz,-101.868787,wcytkrqu
34481,pehcrmtq,9,kouspxna,Papa Johns (2420 9Th Street),fivkenjt,4.6,xpmlytsn,55,mvemauqa,"Pizza, Wings, Desserts, Sandwiches",mzpngudg,$,ippckvpi,"2420 9Th Street, Lubbock, TX, 79401",fjkpbuft,79401,wqjuquzf,33.5877099,kppwrifc,-101.8701222,tfedsmyi
34482,khlgdzaf,8,upfyjywp,Chipotle Mexican Grill (2411 Glenna Goodacre Blvd),ngjfcxyg,4.7,jlpowhlp,200,dygpkneu,"Healthy, Mexican, Group Friendly",zpwowszw,$,ippckvpi,"2411 Glenna Goodacre Blvd, Lubbock, TX, 79401",zifsoahg,79401,wqjuquzf,33.5880419,fvflelha,-101.8694381,uomlmzzc
34483,geimnbpp,7,orhxfgeb,McAlister's Deli (2415 19th St),lyecdlei,4.8,ssxdqevq,77,dhgnwpjd,"Sandwich, Salads",puctduxq,$,ippckvpi,"2415 19th Street, Lubbock, TX, 79401",bjsjfvhy,79401,wqjuquzf,33.57717,fffxbdzc,-101.86866,ozwnkhdk
34484,pakmmbqh,6,lpjgakma,Wendy's  (2401 19Th St),ulcksqmc,4.4,bglydeew,71,alsnbvys,"American, Burgers, Fast Food",qnbeckfj,$,ippckvpi,"2401 19Th St, Lubbock, TX, 79401",dvoewiib,79401,wqjuquzf,33.5774602,kvgiplba,-101.867656,elvphnsp
34485,tuxnizni,5,qaqgyizq,Whataburger (2412 9th St),tquplfnz,4.2,ggjpypyt,35,vqzozqki,"Burgers, Fast Food, Burgers, Sandwiches, American",xteihxva,$$,hgmexkda,"2412 9th St, Lubbock, TX, 79401",wcavxpmn,79401,wqjuquzf,33.5876,yuojneco,-101.86932,cijewmct
34486,ijdeggzk,4,bwfhkliz,Slim Chickens (2405 19th Street),iwpeuaqk,4.5,llluqiyx,188,qhvsbmbr,"Fast Food, Sandwich, Family Meals",xykfncbp,$,ippckvpi,"2405 19th Street, Lubbock, TX, 79401",ytsmyloi,79401,wqjuquzf,33.5774631,ldpxqkwd,-101.8681048,aegypuir
34487,mcwyosuh,3,poakcije,McDonald'sÂ® (2433 S LOOP 289),wttdivbo,4.6,xpmlytsn,197,tynkfahe,"American, Burgers, Fast Food, Group Friendly",bphzwuru,$,ippckvpi,"2433 S LOOP 289, LUBBOCK, TX, 79423",bcfuorrs,79423,jphjbnvq,33.5285195,ksfapirf,-101.8682803,rtgzbpyx
34488,ahtgqbfe,2,kxqdewxh,CVS (5805 82ND STREET),rbkdorgf,,kfheqdxn,,kfheqdxn,"Everyday Essentials, Convenience, Pharmacy, Snacks",bjvisopf,$,ippckvpi,"5805 82ND STREET, LUBBOCK, TX, 75038",lujvahld,75038,orolrmmi,33.51911,amwspgys,-101.9403,fpjorzmy
34489,dyzuqvgi,1,bczrrtuy,Walgreens (6420 82ND ST),dngnooak,,kfheqdxn,,kfheqdxn,"Everyday Essentials, Convenience, Home &amp; Personal Care, Pharmacy, Baby",pvvkhtpj,$,ippckvpi,"6420 82ND ST, LUBBOCK, TX, 79424",tnuhezex,79424,vlbhkipn,33.52036,khbaxavu,-101.95645,epfjxlfk
34490,lgeatgjw,140,miujhfdy,Ministry Of Curry,stiuvcgx,,kfheqdxn,,kfheqdxn,"Indian, Vegetarian, Pakistani, Indian Curry, Healthy",wjcxsoda,,kfheqdxn,"3806 50th Street #226, Lubbock, TX, 79413",wqjsxipb,79413,ffrghyfc,33.54906,agahubdo,-101.89755,bvdnydzf
34491,qqtwsyib,102,swcrfqwk,Papa Johns (405 Slide Rd. Ste 108),wawdegcj,4.7,jlpowhlp,28,kjvfeloh,"Pizza, Wings, Desserts, Sandwiches",mzpngudg,$,ippckvpi,"405 Slide Rd. Ste 108, Lubbock, TX, 79416",wmnscjcz,79416,ypcxxhqq,33.5915881,wxwocdpt,-101.9212993,yjlcgixp
34492,qncpxdvo,81,ddilvthu,Popeyes (224 University Ave),gzricgyp,4.4,bglydeew,152,qmscnnjz,"American, Chicken, Family Meals, Fried Chicken, Comfort Food",czgozakj,$,ippckvpi,"224 University Ave, Lubbock, TX, 79415",fkyhajlq,79415,gfbugjpa,33.594962,nrvjyjjj,-101.870402,yzatougx
34493,vdvtzbkd,30,icaoznhx,Dairy Queen (5735 19th St),cxsjguyg,3.5,nwewatqw,45,rwpdinau,"Ice Cream + Frozen Yogurt, Burgers, Chicken, American",kbrjreig,$,ippckvpi,"5735 19th St, Lubbock, TX, 79407",fmywmpip,79407,euqzmpyx,33.5774095,bsvrdojw,-101.9393453,tsoqxhzf
34494,eqckoipa,2,kxqdewxh,Marble Slab Creamery (4210 82nd St),txflivmh,4.8,ssxdqevq,27,gzaamvrt,"Desserts, Ice Cream + Frozen Yogurt",uxhvmvwl,$,ippckvpi,"4210 82nd St, Lubbock, TX, 79423",nujqxovj,79423,jphjbnvq,33.5206902,upduwzri,-101.9037791,vqknnhho
34495,rerfwjcm,34,hocvakfw,Chick-fil-A  (5705 4th St),ljfyrhwj,4.8,ssxdqevq,150,taqoysge,"American, Fried Chicken, Family Meals, Southern, Sandwich, Fast Food",llbvogjw,$,ippckvpi,"5705 4th St, Lubbock, TX, 79416",wtogsmxe,79416,ypcxxhqq,33.5917973,zjsddbjd,-101.935687,tzimcjrm
34496,dekjikub,182,kgmvhaji,Sweet&amp;Fluffy,scggfvtc,,kfheqdxn,,kfheqdxn,"Desserts, Sandwiches",mixgsgfi,,kfheqdxn,"411 University Avenue, Ste. 160, Lubbock, TX, 79401",dtqbkmtb,79401,wqjuquzf,33.59101,jrdqvkpa,-101.86949,adhdluts
34497,bmlbmqhx,24,ztxkkhqy,Sonic (7603 Milwaukee Ave),bjpopnpz,4.4,bglydeew,21,trhdsimr,"American, Fast Food, Burgers",qfmkunxj,$$,hgmexkda,"7603 Milwaukee Ave, Lubbock, TX, 79424",scehtlpp,79424,vlbhkipn,33.5253528,kcfhcdyl,-101.9563694,bbmshjta
34498,jyvyrhiw,13,hwsknprk,McDonald'sÂ® (8011 SLIDE RD),grtucrma,4.3,vadxbehl,71,alsnbvys,"American, Burgers, Fast Food",qnbeckfj,$,ippckvpi,"8011 Slide Rd, Lubbock, TX, 79424",cvdritsj,79424,vlbhkipn,33.520148,rlmaiaxx,-101.921773,nuxjvpuc
34499,boeqjtzh,122,fmafadtg,Twisted Tenders  (6251 Slide Rd.),nwrjjkno,,kfheqdxn,,kfheqdxn,"Chicken, Wings, Sandwiches, Comfort Food, Family Meals",fdnccvnb,$$,hgmexkda,"6251 Slide Rd., Lubbock, TX, 79414",fqzklgoz,79414,bbvltflp,33.53642,edxwmumj,-101.92175,pruvlzri
34500,bpwhoyjo,61,eezfylyf,Josie's Authentic Mexican Food,uesdkuid,4.6,xpmlytsn,96,hcwdyqxs,"Mexican, Latin American, New Mexican",jqvilnsn,$,ippckvpi,"3312 Avenue Q, Lubbock, TX, 79411",klgmuhcv,79411,weldbseu,33.563593,aajchrfg,-101.855648,fzdjftqx
34501,aokloytu,112,scnbhgku,"Chickenology (3806 50th street #226 50th St,,)",ehsavhuv,,kfheqdxn,,kfheqdxn,"Wings, Chicken, American, Bar Food, Family Meals, Fast Food",hqohapkg,$,ippckvpi,"3806 50th street #226 50th St, Lubbock, TX, 79413",qzjqipnh,79413,ffrghyfc,33.54906,agahubdo,-101.89755,bvdnydzf
34502,ayeghulq,14,qbrqsepj,Slim Chickens (7801 University Ave),pwguwprk,3.9,scndqkrn,69,lrggumos,"Fast Food, Sandwich, Salads, Healthy, Family Meals",svasipab,$,ippckvpi,"7801 University Ave, Lubbock, TX, 79423",sjrhevze,79423,jphjbnvq,33.5232667,zqejoxxx,-101.8699221,oavfdelx
34503,tdhpeylt,2,kxqdewxh,Dairy Queen (7813 Slide Rd),olvkhskw,4.6,xpmlytsn,69,lrggumos,"Ice Cream + Frozen Yogurt, Burgers, Chicken, American",kbrjreig,$,ippckvpi,"7813 Slide Rd, Lubbock, TX, 79424",yidwmkqo,79424,vlbhkipn,33.5222348,frnlmbku,-101.9218785,pqbqozwv
34504,uzahlqdy,9,kouspxna,Schlotzsky's Deli (8101 Indiana Avenue),brjxbmgf,,kfheqdxn,,kfheqdxn,"Salads, Sandwich, Deli, Desserts, Healthy",ufbwrove,$,ippckvpi,"8101 Indiana Avenue, Lubbock, TX, 79423",tvrvekqu,79423,jphjbnvq,33.520792,nszqjvnx,-101.887334,zrpfhlog
34505,ivrgwxtj,8,upfyjywp,Papa Murphy's (TX061 8205 Indiana Avenue),fktiikpy,,kfheqdxn,,kfheqdxn,Pizza,bblqicsh,$,ippckvpi,"8205 Indiana Avenue, Lubbock, TX, 79423",crgmjrst,79423,jphjbnvq,33.5191184,dwahgpkg,-101.8874149,jehmspsx
34506,hdfxrlot,6,lpjgakma,Dairy Queen (8103 Indiana Ave),lntqhjme,4.5,llluqiyx,17,hwjilyfr,"Ice Cream + Frozen Yogurt, Burgers, Chicken, American",kbrjreig,$,ippckvpi,"8103 Indiana Ave, Lubbock, TX, 79423",vcyyrubz,79423,jphjbnvq,33.5205094,crvizkvl,-101.887298,epvpcmaj
34507,yoiealck,5,qaqgyizq,Qdoba Mexican Eats (12406 Indiana Ave),lehxabnr,4.4,bglydeew,25,mrsedbik,"Mexican, Bowls, Salads",xpdvrdxx,$$,hgmexkda,"12406 Indiana Ave, Lubbock, TX, 79423",ptykyajj,79423,jphjbnvq,33.48207,oyfinbih,-101.88831,kogxalbl
34508,vxucvbap,4,bwfhkliz,Sonic (4904 Indiana Ave),kmaekxov,4.5,llluqiyx,28,kjvfeloh,"American, Fast Food, Burgers",qfmkunxj,$$,hgmexkda,"4904 Indiana Ave, Lubbock, TX, 79413",dqnvmdks,79413,ffrghyfc,33.5497838,unqzqpic,-101.8882531,iusgmqtp
34509,esvhpctg,2,kxqdewxh,Shipley Do-Nut (8710 University Ave.),evkgculw,4.6,xpmlytsn,41,ofiwlljl,Middle Eastern,pommkqbw,$,ippckvpi,"8710 University Ave., Lubbock, TX, 79423",jxertgqa,79423,jphjbnvq,33.5153,ujcnohbn,-101.87091,cobejiaf
34510,aqqvzulb,17,hwjilyfr,Dairy Queen (6925 University Ave),xvoripjz,4.7,jlpowhlp,52,nzvfcxjh,"Ice Cream + Frozen Yogurt, Burgers, Chicken, American",kbrjreig,$,ippckvpi,"6925 University Ave, Lubbock, TX, 79413",natdqvea,79413,ffrghyfc,33.5318825,bgfbwxkb,-101.8698784,fvnormxh
34511,hxgtzoyp,45,rwpdinau,Pizza Hut (3001 50th Street),abzejijq,,kfheqdxn,,kfheqdxn,"Pizza, Pasta, Wings",elwzurdb,$,ippckvpi,"3001 50th Street, Lubbock, TX, 79412",syzrvzsf,79412,ygbclohz,33.54818,idxesvtb,-101.87938,ehclznoc
34512,ijdhbjky,41,ofiwlljl,"Wing Nation (3806 50th street #226 50th St,,)",evllnhbq,,kfheqdxn,,kfheqdxn,"American, Chicken, Bar Food, Family Meals, Fast Food",pnoczqxw,$,ippckvpi,"3806 50th street #226 50th St, Lubbock, TX, 79413",qzjqipnh,79413,ffrghyfc,33.54906,agahubdo,-101.89755,bvdnydzf
34513,aujwbxfk,35,vqzozqki,McAlister's Deli (4210 82nd St #212),ksnydcqi,4.7,jlpowhlp,111,uwolrffj,"Sandwich, Salads",puctduxq,$,ippckvpi,"4210 82nd Street, Lubbock, TX, 79423",qjnxzcld,79423,jphjbnvq,33.52064,ubufofhg,-101.90257,rllktkma
34514,tkhqqbkr,24,ztxkkhqy,CVS (5208 98TH STREET),erljqwaf,,kfheqdxn,,kfheqdxn,"Everyday Essentials, Convenience, Pharmacy, Snacks",bjvisopf,$,ippckvpi,"5208 98TH STREET, LUBBOCK, TX, 75038",nukzblce,75038,orolrmmi,33.50589,wzonskpg,-101.92294,weqsiupg
34515,cptffkst,49,ubrmzhfu,Starbucks (6307 4th Street),ddyqobod,4.8,ssxdqevq,48,wqtuolqk,"Bakery, Cafe",agyyafuj,$,ippckvpi,"6307 4th Street, Lubbock, TX, 79416",zohumxdv,79416,ypcxxhqq,33.59104,vfrdmyoo,-101.9557,irlkqnii
