"rd_id","rd_id_id","name","name_id"
"34245","sifcbhea","Traditional American","ipsgxfrn"
"34245","sifcbhea","Southern","mbqdomyp"
"34245","sifcbhea","BBQ","ttkxvvno"
"34245","sifcbhea","American","eimkemgr"
"34245","sifcbhea","Wings","ktxeefhg"
"34245","sifcbhea","Bar Food","gdmfeoks"
"34245","sifcbhea","Sandwich","intqqmnk"
"34245","sifcbhea","Family Meals","rahdrcot"
"34246","mzelmiau","Alcohol","bqctdiau"
"34246","mzelmiau","Drinks","xlvjogtb"
"34246","mzelmiau","Wine","yduqrbnh"
"34246","mzelmiau","Liquor Stores","duhwkrid"
"34248","gzaotbcz","Coffee and Tea","fzjugfbl"
"34248","gzaotbcz","Bubble Tea","hozdveen"
"34248","gzaotbcz","Cafe","dfmnogqq"
"34248","gzaotbcz","Desserts","iidscufg"
"34248","gzaotbcz","Healthy","yavgbbkr"
"34248","gzaotbcz","Vegan","ldiryiri"
"34248","gzaotbcz","Vegan Friendly","yliyhxlx"
"34248","gzaotbcz","Juice and Smoothies","nrkaudde"
"34249","sbhrxwxo","Fast Food","ryvbsweh"
"34249","sbhrxwxo","Sandwich","intqqmnk"
"34249","sbhrxwxo","American","eimkemgr"
"34250","mcpxsmbt","BBQ","ttkxvvno"
"34250","mcpxsmbt","Southern","mbqdomyp"
"34250","mcpxsmbt","Sandwich","intqqmnk"
"34251","ieolltwa","Japanese","qfmtdcxm"
"34251","ieolltwa","Asian","xmisadjh"
"34251","ieolltwa","Sushi","lsgvhlcb"
"34252","qivjmizq","Indian","fdwhjqwh"
"34252","qivjmizq","Vegetarian","lqjjvbcx"
"34252","qivjmizq","Pakistani","pkdlizdc"
"34252","qivjmizq","Indian Curry","wkeleuan"
"34252","qivjmizq","Gluten Free","anpqqxwj"
"34252","qivjmizq","Healthy","yavgbbkr"
"34253","osygzynh","Mexican","kqqqgiwa"
"34254","gykgepck","Pastry","ubyikziz"
"34254","gykgepck","Bakery","hnahdmbe"
"34254","gykgepck","Comfort Food","mzieroag"
"34255","anlffsic","Drinks","xlvjogtb"
"34255","anlffsic","Wine","yduqrbnh"
"34255","anlffsic","Liquor Stores","duhwkrid"
"34256","yjvslwpf","Drinks","xlvjogtb"
"34256","yjvslwpf","Wine","yduqrbnh"
"34256","yjvslwpf","Liquor Stores","duhwkrid"
"34257","emlqqcno","Tex Mex","ipzovute"
"34258","nzqyazhi","Mexican","kqqqgiwa"
"34258","nzqyazhi","Latin American","ziwlbfeu"
"34258","nzqyazhi","New Mexican","xixgogkr"
"34259","lfqorejy","Bakery","hnahdmbe"
"34259","lfqorejy","Breakfast and Brunch","dswazbvm"
"34259","lfqorejy","Cafe","dfmnogqq"
"34259","lfqorejy","Coffee &amp; Tea","nuszxokw"
"34260","kffxaiie","Indian","fdwhjqwh"
"34260","kffxaiie","Vegetarian","lqjjvbcx"
"34260","kffxaiie","Chicken","eoycxldk"
"34260","kffxaiie","Fast Food","ryvbsweh"
"34260","kffxaiie","Pakistani","pkdlizdc"
"34261","sjxxltmc","Bakery","hnahdmbe"
"34261","sjxxltmc","Desserts","iidscufg"
"34261","sjxxltmc","Ice Cream + Frozen Yogurt","ffhmzxju"
"34262","bigckyhi","Mexican","kqqqgiwa"
"34262","bigckyhi","Bowls","mirwdcid"
"34262","bigckyhi","Salads","kmsugtzy"
"34263","mncfnhia","Bubble Tea","hozdveen"
"34263","mncfnhia","Desserts","iidscufg"
"34263","mncfnhia","Juice and Smoothies","nrkaudde"
"34264","jypoawip","Fast Food","ryvbsweh"
"34264","jypoawip","Mexican","kqqqgiwa"
"34264","jypoawip","Tex Mex","ipzovute"
"34265","rsagtvte","Healthy","yavgbbkr"
"34265","rsagtvte","Mexican","kqqqgiwa"
"34266","kajannyf","Coffee and Tea","fzjugfbl"
"34266","kajannyf","Bubble Tea","hozdveen"
"34266","kajannyf","Cafe","dfmnogqq"
"34266","kajannyf","Exclusive to Eats","vskgepbi"
"34267","vaasxkft","Juice and Smoothies","nrkaudde"
"34267","vaasxkft","Comfort Food","mzieroag"
"34267","vaasxkft","Drinks","xlvjogtb"
"34268","pbbdllae","Bakery","hnahdmbe"
"34268","pbbdllae","Comfort Food","mzieroag"
"34268","pbbdllae","Desserts","iidscufg"
"34268","pbbdllae","Pretzel","tdzmfulb"
"34268","pbbdllae","Family Meals","rahdrcot"
"34269","iczmymkd","Desserts","iidscufg"
"34269","iczmymkd","Bakery","hnahdmbe"
"34270","gdxhmivh","Bakery","hnahdmbe"
"34270","gdxhmivh","Desserts","iidscufg"
"34270","gdxhmivh","Snacks","lkjvzfuh"
"34271","vumxbygb","Bakery","hnahdmbe"
"34271","vumxbygb","Comfort Food","mzieroag"
"34271","vumxbygb","Donuts","ukeravyd"
"34272","lgxywilj","Pizza","bblqicsh"
"34272","lgxywilj","Exclusive to Eats","vskgepbi"
"34273","oujzmhud","Bakery","hnahdmbe"
"34273","oujzmhud","Cupcakes","ksbmcnor"
"34274","smhoivjj","Sandwich","intqqmnk"
"34274","smhoivjj","salad","kceborfg"
"34274","smhoivjj","Pizza","bblqicsh"
"34275","bwyjpdvv","Ice Cream + Frozen Yogurt","ffhmzxju"
"34275","bwyjpdvv","Desserts","iidscufg"
"34276","bqirojcr","Mexican","kqqqgiwa"
"34276","bqirojcr","New Mexican","xixgogkr"
"34276","bqirojcr","Tacos","guiddmud"
"34277","krwyfarf","Rolls","lhvtvxvq"
"34277","krwyfarf","Breakfast and Brunch","dswazbvm"
"34277","krwyfarf","Coffee and Tea","fzjugfbl"
"34278","iubumvxn","Pizza","bblqicsh"
"34279","jrgionkf","Pizza","bblqicsh"
"34279","jrgionkf","Ice Cream + Frozen Yogurt","ffhmzxju"
"34280","inrszszd","Tex Mex","ipzovute"
"34280","inrszszd","Mexican","kqqqgiwa"
"34280","inrszszd","Family Meals","rahdrcot"
"34281","ihobwnrv","Fast Food","ryvbsweh"
"34281","ihobwnrv","Sandwich","intqqmnk"
"34281","ihobwnrv","Family Meals","rahdrcot"
"34282","idnohhgg","Sandwiches","rbmaubjl"
"34282","idnohhgg","Desserts","iidscufg"
"34283","osxpjyvx","Pizza","bblqicsh"
"34283","osxpjyvx","Salads","kmsugtzy"
"34283","osxpjyvx","Wings","ktxeefhg"
"34284","pnedllfx","Ice Cream &amp; Frozen Yogurt","cubxcfdq"
"34284","pnedllfx","Comfort Food","mzieroag"
"34284","pnedllfx","Desserts","iidscufg"
"34285","edwiqeqp","Sandwich","intqqmnk"
"34285","edwiqeqp","Comfort Food","mzieroag"
"34286","wiceiqmp","Pizza","bblqicsh"
"34286","wiceiqmp","Pasta","azeuimig"
"34286","wiceiqmp","Salads","kmsugtzy"
"34286","wiceiqmp","Healthy","yavgbbkr"
"34287","iremipbc","Salads","kmsugtzy"
"34287","iremipbc","Sandwich","intqqmnk"
"34287","iremipbc","Deli","metxvprn"
"34287","iremipbc","Desserts","iidscufg"
"34287","iremipbc","Healthy","yavgbbkr"
"34288","xodbmava","Burritos","mhzxyrea"
"34288","xodbmava","Fast Food","ryvbsweh"
"34288","xodbmava","Mexican","kqqqgiwa"
"34289","rpkvhugp","Breakfast and Brunch","dswazbvm"
"34289","rpkvhugp","salad","kceborfg"
"34289","rpkvhugp","Sandwich","intqqmnk"
"34289","rpkvhugp","Family Meals","rahdrcot"
"34289","rpkvhugp","Pizza","bblqicsh"
"34289","rpkvhugp","Healthy","yavgbbkr"
"34289","rpkvhugp","American","eimkemgr"
"34289","rpkvhugp","Chicken","eoycxldk"
"34290","mleggeke","Sandwich","intqqmnk"
"34290","mleggeke","Salads","kmsugtzy"
"34291","kutpmtdk","Mexican","kqqqgiwa"
"34291","kutpmtdk","Tacos","guiddmud"
"34291","kutpmtdk","Breakfast and Brunch","dswazbvm"
"34292","jjhokqrb","Bakery","hnahdmbe"
"34292","jjhokqrb","Cafe","dfmnogqq"
"34292","jjhokqrb","Salads","kmsugtzy"
"34293","cmcaerqw","Asian Fusion","qeklkqdx"
"34293","cmcaerqw","Desserts","iidscufg"
"34293","cmcaerqw","Asian","xmisadjh"
"34294","uxvryzqx","Vietnamese","ddibfnow"
"34294","uxvryzqx","Noodles","utqdlbnv"
"34294","uxvryzqx","Healthy","yavgbbkr"
"34295","gfsmwoea","Korean","oqengnuy"
"34295","gfsmwoea","Asian","xmisadjh"
"34295","gfsmwoea","Asian Fusion","qeklkqdx"
"34296","yymmynsv","Vietnamese","ddibfnow"
"34296","yymmynsv","Noodles","utqdlbnv"
"34296","yymmynsv","Healthy","yavgbbkr"
"34297","yhghyihs","Chinese","vmyehzgt"
"34297","yhghyihs","Asian","xmisadjh"
"34297","yhghyihs","Noodles","utqdlbnv"
"34298","neaaoeaa","Pizza","bblqicsh"
"34299","axongwms","Chinese","vmyehzgt"
"34299","axongwms","Asian","xmisadjh"
"34299","axongwms","Asian Fusion","qeklkqdx"
"34300","dkeheeew","Mediterranean","ddacyvhs"
"34300","dkeheeew","Greek","lflvltmf"
"34300","dkeheeew","Vegetarian","lqjjvbcx"
"34301","tibtfkpu","Pizza","bblqicsh"
"34301","tibtfkpu","Italian","unjrwyxk"
"34301","tibtfkpu","Wings","ktxeefhg"
"34302","nvxhzjhp","Mediterranean","ddacyvhs"
"34302","nvxhzjhp","Greek","lflvltmf"
"34302","nvxhzjhp","Vegetarian","lqjjvbcx"
"34302","nvxhzjhp","Middle Eastern","pommkqbw"
"34303","vwlmvorg","Mediterranean","ddacyvhs"
"34303","vwlmvorg","Greek","lflvltmf"
"34303","vwlmvorg","Vegetarian","lqjjvbcx"
"34303","vwlmvorg","Healthy","yavgbbkr"
"34304","oogpqkgz","Ramen","lommasxj"
"34304","oogpqkgz","Japanese","qfmtdcxm"
"34304","oogpqkgz","Comfort Food","mzieroag"
"34305","nnxamcco","Asian","xmisadjh"
"34305","nnxamcco","Chinese","vmyehzgt"
"34305","nnxamcco","Family Meals","rahdrcot"
"34306","byjqkqmf","Chinese","vmyehzgt"
"34306","byjqkqmf","Asian","xmisadjh"
"34306","byjqkqmf","Asian Fusion","qeklkqdx"
"34307","iodeynqz","Japanese","qfmtdcxm"
"34307","iodeynqz","Asian","xmisadjh"
"34307","iodeynqz","Sushi","lsgvhlcb"
"34308","jnxsderc","Chinese","vmyehzgt"
"34308","jnxsderc","Asian","xmisadjh"
"34308","jnxsderc","Chicken","eoycxldk"
"34308","jnxsderc","Seafood","xslfkehe"
"34308","jnxsderc","Asian Fusion","qeklkqdx"
"34308","jnxsderc","Mongolian","nheykxuq"
"34309","cirxchmc","American","eimkemgr"
"34309","cirxchmc","Comfort Food","mzieroag"
"34309","cirxchmc","Family Meals","rahdrcot"
"34310","dxtqzmoj","Breakfast and Brunch","dswazbvm"
"34310","dxtqzmoj","Traditional American","ipsgxfrn"
"34311","ojcodidx","American","eimkemgr"
"34311","ojcodidx","Burgers","slgsmlpu"
"34311","ojcodidx","Breakfast and Brunch","dswazbvm"
"34311","ojcodidx","Chicken","eoycxldk"
"34312","pneppeqg","American","eimkemgr"
"34312","pneppeqg","Pizza","bblqicsh"
"34314","fdrehmoj","Mexican","kqqqgiwa"
"34314","fdrehmoj","Latin American","ziwlbfeu"
"34314","fdrehmoj","New Mexican","xixgogkr"
"34315","jrcytvbn","American","eimkemgr"
"34315","jrcytvbn","Breakfast and Brunch","dswazbvm"
"34315","jrcytvbn","Desserts","iidscufg"
"34316","pkcvenmz","American","eimkemgr"
"34316","pkcvenmz","Burgers","slgsmlpu"
"34316","pkcvenmz","Sandwiches","rbmaubjl"
"34317","purmshni","BBQ","ttkxvvno"
"34317","purmshni","American","eimkemgr"
"34317","purmshni","Burgers","slgsmlpu"
"34318","bnmkiotc","BBQ","ttkxvvno"
"34318","bnmkiotc","American","eimkemgr"
"34318","bnmkiotc","Burgers","slgsmlpu"
"34319","mbrbulkp","Mexican","kqqqgiwa"
"34319","mbrbulkp","Latin American","ziwlbfeu"
"34319","mbrbulkp","New Mexican","xixgogkr"
"34321","aukplovh","Mexican","kqqqgiwa"
"34321","aukplovh","Latin American","ziwlbfeu"
"34321","aukplovh","New Mexican","xixgogkr"
"34322","qilwwlkl","Coffee and Tea","fzjugfbl"
"34322","qilwwlkl","American","eimkemgr"
"34322","qilwwlkl","Breakfast and Brunch","dswazbvm"
"34323","becxsglf","Coffee and Tea","fzjugfbl"
"34323","becxsglf","American","eimkemgr"
"34323","becxsglf","Breakfast and Brunch","dswazbvm"
"34324","dhagthio","Burgers","slgsmlpu"
"34324","dhagthio","American","eimkemgr"
"34324","dhagthio","Sandwiches","rbmaubjl"
"34325","orvotmwn","Mexican","kqqqgiwa"
"34325","orvotmwn","Latin American","ziwlbfeu"
"34325","orvotmwn","New Mexican","xixgogkr"
"34326","bemnszax","Burgers","slgsmlpu"
"34326","bemnszax","American","eimkemgr"
"34326","bemnszax","Sandwiches","rbmaubjl"
"34327","egcbzkhf","Bar / Pub Food","qipgrixy"
"34327","egcbzkhf","Sandwich","intqqmnk"
"34327","egcbzkhf","Desserts","iidscufg"
"34328","rqmnspoz","Burgers","slgsmlpu"
"34328","rqmnspoz","American","eimkemgr"
"34328","rqmnspoz","Sandwiches","rbmaubjl"
"34329","ytioeodo","BBQ","ttkxvvno"
"34329","ytioeodo","American","eimkemgr"
"34329","ytioeodo","Burgers","slgsmlpu"
"34330","caqfnrnj","Desserts","iidscufg"
"34330","caqfnrnj","American","eimkemgr"
"34330","caqfnrnj","Comfort Food","mzieroag"
"34331","myhitjca","American","eimkemgr"
"34331","myhitjca","Breakfast &amp; Brunch","kjunqbkd"
"34331","myhitjca","Salads","kmsugtzy"
"34332","rthjxfkw","Coffee and Tea","fzjugfbl"
"34332","rthjxfkw","American","eimkemgr"
"34332","rthjxfkw","Breakfast and Brunch","dswazbvm"
"34333","qjuhjhqw","Seafood","xslfkehe"
"34333","qjuhjhqw","American","eimkemgr"
"34333","qjuhjhqw","Southern","mbqdomyp"
"34334","yxcdkjzq","Mexican","kqqqgiwa"
"34334","yxcdkjzq","Latin American","ziwlbfeu"
"34334","yxcdkjzq","New Mexican","xixgogkr"
"34335","usardvkw","Mexican","kqqqgiwa"
"34335","usardvkw","Latin American","ziwlbfeu"
"34335","usardvkw","New Mexican","xixgogkr"
"34338","jliuuxgt","Comfort Food","mzieroag"
"34338","jliuuxgt","American","eimkemgr"
"34338","jliuuxgt","Chicken","eoycxldk"
"34339","lmrlbeje","BBQ","ttkxvvno"
"34339","lmrlbeje","American","eimkemgr"
"34339","lmrlbeje","Burgers","slgsmlpu"
"34340","cpdlkrtw","Pizza","bblqicsh"
"34340","cpdlkrtw","American","eimkemgr"
"34340","cpdlkrtw","Italian","unjrwyxk"
"34341","iidhyocq","Coffee and Tea","fzjugfbl"
"34341","iidhyocq","American","eimkemgr"
"34341","iidhyocq","Breakfast and Brunch","dswazbvm"
"34342","uopkkcvg","Coffee and Tea","fzjugfbl"
"34342","uopkkcvg","American","eimkemgr"
"34342","uopkkcvg","Breakfast and Brunch","dswazbvm"
"34343","ppafassq","Coffee and Tea","fzjugfbl"
"34343","ppafassq","American","eimkemgr"
"34343","ppafassq","Breakfast and Brunch","dswazbvm"
"34344","tebxlnxu","American","eimkemgr"
"34344","tebxlnxu","Healthy","yavgbbkr"
"34344","tebxlnxu","Juice and Smoothies","nrkaudde"
"34346","itzlvblt","American","eimkemgr"
"34346","itzlvblt","Pizza","bblqicsh"
"34346","itzlvblt","Salads","kmsugtzy"
"34347","mbwnadek","Mexican","kqqqgiwa"
"34347","mbwnadek","Latin American","ziwlbfeu"
"34347","mbwnadek","New Mexican","xixgogkr"
"34348","cdcgvdgg","American","eimkemgr"
"34348","cdcgvdgg","Breakfast and Brunch","dswazbvm"
"34348","cdcgvdgg","Desserts","iidscufg"
"34349","yqgryatw","BBQ","ttkxvvno"
"34349","yqgryatw","American","eimkemgr"
"34349","yqgryatw","Burgers","slgsmlpu"
"34350","xvsfqzyu","Burgers","slgsmlpu"
"34350","xvsfqzyu","American","eimkemgr"
"34350","xvsfqzyu","Sandwiches","rbmaubjl"
"34351","fmnwnuzm","Mexican","kqqqgiwa"
"34351","fmnwnuzm","Latin American","ziwlbfeu"
"34351","fmnwnuzm","New Mexican","xixgogkr"
"34352","lfqcowue","Comfort Food","mzieroag"
"34352","lfqcowue","American","eimkemgr"
"34352","lfqcowue","Burgers","slgsmlpu"
"34354","tqbvyrhd","Comfort Food","mzieroag"
"34354","tqbvyrhd","American","eimkemgr"
"34354","tqbvyrhd","Chicken","eoycxldk"
"34355","sawdbnys","Pizza","bblqicsh"
"34355","sawdbnys","American","eimkemgr"
"34355","sawdbnys","Italian","unjrwyxk"
"34356","ohvrsroi","Coffee and Tea","fzjugfbl"
"34356","ohvrsroi","American","eimkemgr"
"34356","ohvrsroi","Breakfast and Brunch","dswazbvm"
"34357","xhydnhch","Pizza","bblqicsh"
"34357","xhydnhch","American","eimkemgr"
"34357","xhydnhch","Italian","unjrwyxk"
"34358","wjbzxmia","Pizza","bblqicsh"
"34358","wjbzxmia","Wings","ktxeefhg"
"34358","wjbzxmia","Sandwiches","rbmaubjl"
"34358","wjbzxmia","Desserts","iidscufg"
"34358","wjbzxmia","American","eimkemgr"
"34358","wjbzxmia","Traditional American","ipsgxfrn"
"34358","wjbzxmia","Fast Food","ryvbsweh"
"34359","zcviihkl","American","eimkemgr"
"34359","zcviihkl","Chicken","eoycxldk"
"34359","zcviihkl","Fried Chicken","fhhspqcj"
"34359","zcviihkl","Sandwich","intqqmnk"
"34359","zcviihkl","Burgers","slgsmlpu"
"34360","yhqelkfa","Wings","ktxeefhg"
"34360","yhqelkfa","Chicken","eoycxldk"
"34360","yhqelkfa","American","eimkemgr"
"34360","yhqelkfa","Bar Food","gdmfeoks"
"34360","yhqelkfa","Family Meals","rahdrcot"
"34360","yhqelkfa","Fast Food","ryvbsweh"
"34361","xrtecuwq","Mexican","kqqqgiwa"
"34361","xrtecuwq","Latin American","ziwlbfeu"
"34361","xrtecuwq","New Mexican","xixgogkr"
"34362","slzhjisc","American","eimkemgr"
"34362","slzhjisc","Comfort Food","mzieroag"
"34362","slzhjisc","Seafood","xslfkehe"
"34363","euonxyiy","American","eimkemgr"
"34363","euonxyiy","Bar Food","gdmfeoks"
"34363","euonxyiy","Wings","ktxeefhg"
"34363","euonxyiy","Fast Food","ryvbsweh"
"34363","euonxyiy","Chicken","eoycxldk"
"34363","euonxyiy","Family Meals","rahdrcot"
"34363","euonxyiy","Exclusive to Eats","vskgepbi"
"34363","euonxyiy","Comfort Food","mzieroag"
"34364","xrvthulq","Mexican","kqqqgiwa"
"34364","xrvthulq","Latin American","ziwlbfeu"
"34364","xrvthulq","New Mexican","xixgogkr"
"34365","veopxdaa","Mexican","kqqqgiwa"
"34365","veopxdaa","Latin American","ziwlbfeu"
"34365","veopxdaa","New Mexican","xixgogkr"
"34366","fahxiaid","American","eimkemgr"
"34366","fahxiaid","Chicken Strips","wldeaqre"
"34366","fahxiaid","Wings","ktxeefhg"
"34366","fahxiaid","Chicken","eoycxldk"
"34367","jhmallpv","American","eimkemgr"
"34367","jhmallpv","Burgers","slgsmlpu"
"34367","jhmallpv","Sandwich","intqqmnk"
"34367","jhmallpv","Comfort Food","mzieroag"
"34367","jhmallpv","Pasta","azeuimig"
"34367","jhmallpv","Salads","kmsugtzy"
"34367","jhmallpv","Sandwiches","rbmaubjl"
"34367","jhmallpv","Steak","qrhhmhzc"
"34368","oddnlgra","Pizza","bblqicsh"
"34368","oddnlgra","Wings","ktxeefhg"
"34368","oddnlgra","Salads","kmsugtzy"
"34369","jedlavgi","Mexican","kqqqgiwa"
"34369","jedlavgi","Latin American","ziwlbfeu"
"34369","jedlavgi","New Mexican","xixgogkr"
"34370","pnypcwfe","Mexican","kqqqgiwa"
"34370","pnypcwfe","Latin American","ziwlbfeu"
"34370","pnypcwfe","New Mexican","xixgogkr"
"34371","kabovgem","Mexican","kqqqgiwa"
"34371","kabovgem","Latin American","ziwlbfeu"
"34371","kabovgem","New Mexican","xixgogkr"
"34372","mkopnpze","Mexican","kqqqgiwa"
"34372","mkopnpze","Burritos","mhzxyrea"
"34372","mkopnpze","Bowls","mirwdcid"
"34372","mkopnpze","Salads","kmsugtzy"
"34373","hhyktdeo","American","eimkemgr"
"34373","hhyktdeo","Sandwich","intqqmnk"
"34374","hkuqbqdg","American","eimkemgr"
"34374","hkuqbqdg","Sandwiches","rbmaubjl"
"34374","hkuqbqdg","Burgers","slgsmlpu"
"34375","ghfnsebp","Breakfast and Brunch","dswazbvm"
"34375","ghfnsebp","Latin American","ziwlbfeu"
"34376","uzaezdgf","BBQ","ttkxvvno"
"34376","uzaezdgf","American","eimkemgr"
"34376","uzaezdgf","Salads","kmsugtzy"
"34377","trbjzpms","American","eimkemgr"
"34377","trbjzpms","Chicken","eoycxldk"
"34377","trbjzpms","Pizza","bblqicsh"
"34378","vfbbqksz","Fast Food","ryvbsweh"
"34378","vfbbqksz","Sandwich","intqqmnk"
"34378","vfbbqksz","American","eimkemgr"
"34379","bdriifpa","American","eimkemgr"
"34379","bdriifpa","Breakfast and Brunch","dswazbvm"
"34379","bdriifpa","Coffee and Tea","fzjugfbl"
"34379","bdriifpa","Diner","xgrbnzhf"
"34379","bdriifpa","Desserts","iidscufg"
"34379","bdriifpa","Salads","kmsugtzy"
"34379","bdriifpa","Steak","qrhhmhzc"
"34379","bdriifpa","Sandwich","intqqmnk"
"34380","xpwxvspz","Burgers","slgsmlpu"
"34380","xpwxvspz","American","eimkemgr"
"34380","xpwxvspz","Sandwiches","rbmaubjl"
"34381","migqiaut","Mexican","kqqqgiwa"
"34381","migqiaut","Latin American","ziwlbfeu"
"34381","migqiaut","New Mexican","xixgogkr"
"34382","pdyfwspf","Mexican","kqqqgiwa"
"34382","pdyfwspf","Latin American","ziwlbfeu"
"34382","pdyfwspf","New Mexican","xixgogkr"
"34383","ezwkgcpa","American","eimkemgr"
"34383","ezwkgcpa","Dinner","kpigxwux"
"34383","ezwkgcpa","Seafood","xslfkehe"
"34384","negaglae","American","eimkemgr"
"34384","negaglae","Bar Food","gdmfeoks"
"34384","negaglae","burger","sevgyqmi"
"34384","negaglae","Sandwiches","rbmaubjl"
"34384","negaglae","Burgers","slgsmlpu"
"34385","miicwvpd","Breakfast and Brunch","dswazbvm"
"34385","miicwvpd","salad","kceborfg"
"34385","miicwvpd","Sandwich","intqqmnk"
"34385","miicwvpd","Family Meals","rahdrcot"
"34385","miicwvpd","Pizza","bblqicsh"
"34385","miicwvpd","Healthy","yavgbbkr"
"34385","miicwvpd","American","eimkemgr"
"34385","miicwvpd","Chicken","eoycxldk"
"34386","svatsosw","Burgers","slgsmlpu"
"34386","svatsosw","American","eimkemgr"
"34386","svatsosw","Sandwiches","rbmaubjl"
"34387","hxeinarh","American","eimkemgr"
"34387","hxeinarh","Wings","ktxeefhg"
"34388","kopgneja","Sandwich","intqqmnk"
"34388","kopgneja","Salads","kmsugtzy"
"34388","kopgneja","Desserts","iidscufg"
"34388","kopgneja","Healthy","yavgbbkr"
"34389","qmhjnmmt","Seafood","xslfkehe"
"34389","qmhjnmmt","American","eimkemgr"
"34389","qmhjnmmt","Family Meals","rahdrcot"
"34390","fruvkvey","Sandwich","intqqmnk"
"34390","fruvkvey","American","eimkemgr"
"34391","tbpnbyfn","Seafood","xslfkehe"
"34391","tbpnbyfn","American","eimkemgr"
"34391","tbpnbyfn","Chicken","eoycxldk"
"34391","tbpnbyfn","Fish and Chips","sfwdfvem"
"34391","tbpnbyfn","Family Meals","rahdrcot"
"34392","zwyuweiq","American","eimkemgr"
"34392","zwyuweiq","Fast Food","ryvbsweh"
"34392","zwyuweiq","wings","ajjmrehk"
"34392","zwyuweiq","Family Meals","rahdrcot"
"34393","mimrvnln","American","eimkemgr"
"34393","mimrvnln","Burgers","slgsmlpu"
"34393","mimrvnln","Sandwich","intqqmnk"
"34394","srqbevob","American","eimkemgr"
"34394","srqbevob","Burgers","slgsmlpu"
"34394","srqbevob","Fast Food","ryvbsweh"
"34395","pukrvfrf","BBQ","ttkxvvno"
"34395","pukrvfrf","American","eimkemgr"
"34395","pukrvfrf","Burgers","slgsmlpu"
"34396","trdqygti","American","eimkemgr"
"34396","trdqygti","Burgers","slgsmlpu"
"34396","trdqygti","Salads","kmsugtzy"
"34396","trdqygti","Family Meals","rahdrcot"
"34396","trdqygti","Healthy","yavgbbkr"
"34396","trdqygti","Comfort Food","mzieroag"
"34396","trdqygti","Pasta","azeuimig"
"34396","trdqygti","Sandwiches","rbmaubjl"
"34397","wlavqqkw","Salads","kmsugtzy"
"34397","wlavqqkw","Chicken","eoycxldk"
"34397","wlavqqkw","Sandwich","intqqmnk"
"34397","wlavqqkw","Healthy","yavgbbkr"
"34397","wlavqqkw","Family Meals","rahdrcot"
"34399","glhdyypz","American","eimkemgr"
"34399","glhdyypz","burger","sevgyqmi"
"34399","glhdyypz","Fast Food","ryvbsweh"
"34399","glhdyypz","Family Meals","rahdrcot"
"34400","vscqjjns","BBQ","ttkxvvno"
"34400","vscqjjns","American","eimkemgr"
"34400","vscqjjns","Burgers","slgsmlpu"
"34400","vscqjjns","Family Meals","rahdrcot"
"34401","qpvwtqyh","Sandwich","intqqmnk"
"34401","qpvwtqyh","American","eimkemgr"
"34402","dnjyiket","American","eimkemgr"
"34402","dnjyiket","Burgers","slgsmlpu"
"34402","dnjyiket","Chicken","eoycxldk"
"34404","xpwobucf","American","eimkemgr"
"34404","xpwobucf","Burgers","slgsmlpu"
"34404","xpwobucf","Pizza","bblqicsh"
"34404","xpwobucf","Family Meals","rahdrcot"
"34405","sjyncvtu","Burgers","slgsmlpu"
"34405","sjyncvtu","American","eimkemgr"
"34405","sjyncvtu","Sandwiches","rbmaubjl"
"34405","sjyncvtu","Comfort Food","mzieroag"
"34405","sjyncvtu","Chicken","eoycxldk"
"34405","sjyncvtu","Family Meals","rahdrcot"
"34406","ypqajavh","Burgers","slgsmlpu"
"34406","ypqajavh","Fast Food","ryvbsweh"
"34406","ypqajavh","Burgers","slgsmlpu"
"34406","ypqajavh","Sandwiches","rbmaubjl"
"34406","ypqajavh","American","eimkemgr"
"34407","bdtihxhi","American","eimkemgr"
"34407","bdtihxhi","Fried Chicken","fhhspqcj"
"34407","bdtihxhi","Family Meals","rahdrcot"
"34407","bdtihxhi","Southern","mbqdomyp"
"34407","bdtihxhi","Sandwich","intqqmnk"
"34407","bdtihxhi","Fast Food","ryvbsweh"
"34408","pjlnlwkk","Burgers","slgsmlpu"
"34408","pjlnlwkk","American","eimkemgr"
"34408","pjlnlwkk","Sandwiches","rbmaubjl"
"34408","pjlnlwkk","Family Meals","rahdrcot"
"34409","ixwvgxvh","Burgers","slgsmlpu"
"34409","ixwvgxvh","American","eimkemgr"
"34409","ixwvgxvh","Sandwiches","rbmaubjl"
"34409","ixwvgxvh","Family Meals","rahdrcot"
"34410","nattspqk","American","eimkemgr"
"34410","nattspqk","Burgers","slgsmlpu"
"34410","nattspqk","Fast Food","ryvbsweh"
"34411","gvmzoqud","American","eimkemgr"
"34411","gvmzoqud","Burgers","slgsmlpu"
"34413","finxrzws","Pizza","bblqicsh"
"34414","rxcctkpj","Fast Food","ryvbsweh"
"34414","rxcctkpj","Breakfast and Brunch","dswazbvm"
"34414","rxcctkpj","Traditional American","ipsgxfrn"
"34414","rxcctkpj","Family Meals","rahdrcot"
"34415","auaethgf","Pizza","bblqicsh"
"34415","auaethgf","Salads","kmsugtzy"
"34415","auaethgf","Italian","unjrwyxk"
"34415","auaethgf","Healthy","yavgbbkr"
"34415","auaethgf","Family Friendly","mxhlkgxt"
"34415","auaethgf","Allergy Friendly","gkemydqu"
"34416","seeuauzo","American","eimkemgr"
"34416","seeuauzo","Burgers","slgsmlpu"
"34416","seeuauzo","Comfort Food","mzieroag"
"34416","seeuauzo","Vegetarian Friendly","hdpooqkk"
"34416","seeuauzo","Fast Food","ryvbsweh"
"34417","jdazkxbn","Comfort Food","mzieroag"
"34418","ovvybacm","American","eimkemgr"
"34418","ovvybacm","Comfort Food","mzieroag"
"34418","ovvybacm","Fried Chicken","fhhspqcj"
"34418","ovvybacm","Family Meals","rahdrcot"
"34418","ovvybacm","Sandwich","intqqmnk"
"34418","ovvybacm","Family Friendly","mxhlkgxt"
"34419","ihniuljn","American","eimkemgr"
"34419","ihniuljn","Fast Food","ryvbsweh"
"34419","ihniuljn","wings","ajjmrehk"
"34419","ihniuljn","Family Meals","rahdrcot"
"34419","ihniuljn","Family Friendly","mxhlkgxt"
"34420","btmstyiy","Pizza","bblqicsh"
"34420","btmstyiy","American","eimkemgr"
"34420","btmstyiy","Italian","unjrwyxk"
"34420","btmstyiy","Wings","ktxeefhg"
"34420","btmstyiy","Salads","kmsugtzy"
"34420","btmstyiy","Sandwiches","rbmaubjl"
"34420","btmstyiy","Family Friendly","mxhlkgxt"
"34420","btmstyiy","Local Specialities","tznboufl"
"34421","wgkcotwl","American","eimkemgr"
"34421","wgkcotwl","Breakfast &amp; Brunch","kjunqbkd"
"34421","wgkcotwl","Sandwich","intqqmnk"
"34421","wgkcotwl","Comfort Food","mzieroag"
"34421","wgkcotwl","Desserts","iidscufg"
"34421","wgkcotwl","Family Friendly","mxhlkgxt"
"34422","acuufskx","Burgers","slgsmlpu"
"34422","acuufskx","American","eimkemgr"
"34422","acuufskx","Sandwiches","rbmaubjl"
"34422","acuufskx","Steak","qrhhmhzc"
"34422","acuufskx","Seafood","xslfkehe"
"34422","acuufskx","Salads","kmsugtzy"
"34422","acuufskx","BBQ","ttkxvvno"
"34422","acuufskx","Healthy","yavgbbkr"
"34423","gyooowkb","American","eimkemgr"
"34423","gyooowkb","Sandwich","intqqmnk"
"34423","gyooowkb","Desserts","iidscufg"
"34423","gyooowkb","Fast Food","ryvbsweh"
"34423","gyooowkb","Kids Friendly","rurfnhrc"
"34424","giwhnyjz","Italian","unjrwyxk"
"34424","giwhnyjz","Pizza","bblqicsh"
"34424","giwhnyjz","Family Friendly","mxhlkgxt"
"34425","eqtvuwte","Indian","fdwhjqwh"
"34425","eqtvuwte","Vegetarian Friendly","hdpooqkk"
"34425","eqtvuwte","Seafood","xslfkehe"
"34426","expukskf","Healthy","yavgbbkr"
"34426","expukskf","Salads","kmsugtzy"
"34426","expukskf","Vegetarian Friendly","hdpooqkk"
"34426","expukskf","Cafe","dfmnogqq"
"34427","zmhtndjc","American","eimkemgr"
"34427","zmhtndjc","Burgers","slgsmlpu"
"34427","zmhtndjc","Fast Food","ryvbsweh"
"34427","zmhtndjc","Group Friendly","vvxfxzgj"
"34428","byobhvot","Indian","fdwhjqwh"
"34428","byobhvot","Vegetarian","lqjjvbcx"
"34428","byobhvot","Asian","xmisadjh"
"34428","byobhvot","Allergy Friendly","gkemydqu"
"34429","ichyggni","Mexican","kqqqgiwa"
"34429","ichyggni","Latin American","ziwlbfeu"
"34429","ichyggni","New Mexican","xixgogkr"
"34429","ichyggni","Family Friendly","mxhlkgxt"
"34430","pgcfaxrk","Pizza","bblqicsh"
"34430","pgcfaxrk","Wings","ktxeefhg"
"34430","pgcfaxrk","Salads","kmsugtzy"
"34430","pgcfaxrk","Sandwiches","rbmaubjl"
"34430","pgcfaxrk","Desserts","iidscufg"
"34430","pgcfaxrk","American","eimkemgr"
"34430","pgcfaxrk","Italian","unjrwyxk"
"34430","pgcfaxrk","Family Friendly","mxhlkgxt"
"34431","hydxzkgi","Burgers","slgsmlpu"
"34431","hydxzkgi","American","eimkemgr"
"34431","hydxzkgi","Vegetarian Friendly","hdpooqkk"
"34432","itenjwgj","Chicken","eoycxldk"
"34432","itenjwgj","Salads","kmsugtzy"
"34432","itenjwgj","Asian","xmisadjh"
"34432","itenjwgj","Chinese","vmyehzgt"
"34432","itenjwgj","Asian Fusion","qeklkqdx"
"34432","itenjwgj","Family Meals","rahdrcot"
"34432","itenjwgj","Family Friendly","mxhlkgxt"
"34433","dieeldvk","Asian Fusion","qeklkqdx"
"34433","dieeldvk","Asian","xmisadjh"
"34433","dieeldvk","Sushi","lsgvhlcb"
"34433","dieeldvk","Rolls","lhvtvxvq"
"34433","dieeldvk","Chinese","vmyehzgt"
"34433","dieeldvk","Chicken","eoycxldk"
"34433","dieeldvk","Seafood","xslfkehe"
"34433","dieeldvk","Japanese","qfmtdcxm"
"34434","rocusukl","Indian","fdwhjqwh"
"34434","rocusukl","Halal","dakzesdf"
"34434","rocusukl","Family Friendly","mxhlkgxt"
"34434","rocusukl","Allergy Friendly","gkemydqu"
"34435","kzzkhhjw","Chinese","vmyehzgt"
"34435","kzzkhhjw","Family Friendly","mxhlkgxt"
"34435","kzzkhhjw","Group Friendly","vvxfxzgj"
"34436","jdkrchzq","Mediterranean","ddacyvhs"
"34436","jdkrchzq","Greek","lflvltmf"
"34436","jdkrchzq","Vegetarian","lqjjvbcx"
"34436","jdkrchzq","Allergy Friendly","gkemydqu"
"34437","amhpqaxh","Comfort Food","mzieroag"
"34437","amhpqaxh","Caribbean","wuexqyqm"
"34437","amhpqaxh","Cajun","fhihihwr"
"34438","wbhirvgw","Seafood","xslfkehe"
"34438","wbhirvgw","American","eimkemgr"
"34438","wbhirvgw","Southern","mbqdomyp"
"34438","wbhirvgw","Cajun","fhihihwr"
"34439","sdbkckhj","Comfort Food","mzieroag"
"34439","sdbkckhj","Cajun","fhihihwr"
"34439","sdbkckhj","Southern","mbqdomyp"
"34439","sdbkckhj","Seafood","xslfkehe"
"34440","hbtbqppr","Black-owned","gtcdtidb"
"34440","hbtbqppr","Coffee and Tea","fzjugfbl"
"34440","hbtbqppr","Juice and Smoothies","nrkaudde"
"34441","aucgelqy","Cajun","fhihihwr"
"34441","aucgelqy","Seafood","xslfkehe"
"34441","aucgelqy","Burgers","slgsmlpu"
"34442","mkcucfku","Fast Food","ryvbsweh"
"34442","mkcucfku","Sandwich","intqqmnk"
"34442","mkcucfku","American","eimkemgr"
"34443","ivduqtsn","Sandwich","intqqmnk"
"34443","ivduqtsn","Salads","kmsugtzy"
"34443","ivduqtsn","Healthy","yavgbbkr"
"34444","ydlaktey","Seafood","xslfkehe"
"34444","ydlaktey","American","eimkemgr"
"34444","ydlaktey","Southern","mbqdomyp"
"34445","lmbzgdmy","Bakery","hnahdmbe"
"34445","lmbzgdmy","Breakfast and Brunch","dswazbvm"
"34445","lmbzgdmy","Cafe","dfmnogqq"
"34445","lmbzgdmy","Coffee &amp; Tea","nuszxokw"
"34446","ybexzrhz","Juice and Smoothies","nrkaudde"
"34447","yxoyrpld","JuiceAndSmoothie","qpvnsjmc"
"34447","yxoyrpld","Healthy","yavgbbkr"
"34447","yxoyrpld","Fast Food","ryvbsweh"
"34447","yxoyrpld","Juice and Smoothies","nrkaudde"
"34448","uixdljlr","Desserts","iidscufg"
"34448","uixdljlr","Ice Cream &amp; Frozen Yogurt","cubxcfdq"
"34449","apxmikpl","Seafood","xslfkehe"
"34449","apxmikpl","American","eimkemgr"
"34449","apxmikpl","Southern","mbqdomyp"
"34449","apxmikpl","Healthy","yavgbbkr"
"34449","apxmikpl","Desserts","iidscufg"
"34449","apxmikpl","Alcohol","bqctdiau"
"34450","lciurlif","Burgers","slgsmlpu"
"34450","lciurlif","American","eimkemgr"
"34450","lciurlif","Sandwiches","rbmaubjl"
"34450","lciurlif","Alcohol","bqctdiau"
"34451","mudxrxtn","American","eimkemgr"
"34451","mudxrxtn","Steak","qrhhmhzc"
"34451","mudxrxtn","BBQ","ttkxvvno"
"34451","mudxrxtn","Alcohol","bqctdiau"
"34452","vmxamgze","Seafood","xslfkehe"
"34452","vmxamgze","American","eimkemgr"
"34452","vmxamgze","Southern","mbqdomyp"
"34452","vmxamgze","Healthy","yavgbbkr"
"34452","vmxamgze","Desserts","iidscufg"
"34452","vmxamgze","Alcohol","bqctdiau"
"34453","inocbjwh","Alcohol","bqctdiau"
"34453","inocbjwh","Drinks","xlvjogtb"
"34453","inocbjwh","Liquor Stores","duhwkrid"
"34454","tozrjtat","New Mexican","xixgogkr"
"34454","tozrjtat","Vegetarian Friendly","hdpooqkk"
"34454","tozrjtat","Gluten Free Friendly","cilnqnpk"
"34454","tozrjtat","New American","qocqchsc"
"34454","tozrjtat","Tacos","guiddmud"
"34454","tozrjtat","Alcohol","bqctdiau"
"34455","eziksmit","Alcohol","bqctdiau"
"34455","eziksmit","Drinks","xlvjogtb"
"34455","eziksmit","Wine","yduqrbnh"
"34456","swkccfnd","Alcohol","bqctdiau"
"34456","swkccfnd","Drinks","xlvjogtb"
"34456","swkccfnd","Wine","yduqrbnh"
"34456","swkccfnd","Liquor Stores","duhwkrid"
"34457","rplhqfwx","Seafood","xslfkehe"
"34457","rplhqfwx","American","eimkemgr"
"34457","rplhqfwx","Southern","mbqdomyp"
"34458","yhpjgqoa","Burgers","slgsmlpu"
"34458","yhpjgqoa","American","eimkemgr"
"34458","yhpjgqoa","Sandwiches","rbmaubjl"
"34459","ilfynrph","Retail","qpdloave"
"34459","ilfynrph","Gift Store","zueqtqll"
"34459","ilfynrph","Beauty Supply","ydudfdkf"
"34460","eltdkuis","Burgers","slgsmlpu"
"34460","eltdkuis","American","eimkemgr"
"34460","eltdkuis","Sandwiches","rbmaubjl"
"34461","siwrofjc","Seafood","xslfkehe"
"34461","siwrofjc","American","eimkemgr"
"34461","siwrofjc","Southern","mbqdomyp"
"34462","fbdvqmza","Desserts","iidscufg"
"34462","fbdvqmza","Vegetarian","lqjjvbcx"
"34462","fbdvqmza","Coffee and Tea","fzjugfbl"
"34463","eqavytha","Coffee and Tea","fzjugfbl"
"34463","eqavytha","American","eimkemgr"
"34463","eqavytha","Breakfast and Brunch","dswazbvm"
"34464","vkfaohtj","American","eimkemgr"
"34464","vkfaohtj","Barfood","ntjdevrg"
"34464","vkfaohtj","Wings","ktxeefhg"
"34464","vkfaohtj","Seafood","xslfkehe"
"34464","vkfaohtj","Fish and Chips","sfwdfvem"
"34464","vkfaohtj","Desserts","iidscufg"
"34464","vkfaohtj","Fast Food","ryvbsweh"
"34464","vkfaohtj","Bar Food","gdmfeoks"
"34465","nnjhoaay","Alcohol","bqctdiau"
"34465","nnjhoaay","Liquor Stores","duhwkrid"
"34465","nnjhoaay","Drinks","xlvjogtb"
"34465","nnjhoaay","Wine","yduqrbnh"
"34466","kfbpkepr","Bakery","hnahdmbe"
"34466","kfbpkepr","Desserts","iidscufg"
"34466","kfbpkepr","Donuts","ukeravyd"
"34467","riqxkguz","wings","ajjmrehk"
"34467","riqxkguz","Pizza","bblqicsh"
"34467","riqxkguz","Fast Food","ryvbsweh"
"34468","gndlqhdq","Seafood","xslfkehe"
"34468","gndlqhdq","American","eimkemgr"
"34468","gndlqhdq","Southern","mbqdomyp"
"34468","gndlqhdq","Family Meals","rahdrcot"
"34469","qtrxaycs","Fast Food","ryvbsweh"
"34469","qtrxaycs","Family Meals","rahdrcot"
"34470","pcsnjaee","American","eimkemgr"
"34470","pcsnjaee","Deli","metxvprn"
"34470","pcsnjaee","Sandwich","intqqmnk"
"34470","pcsnjaee","Salads","kmsugtzy"
"34470","pcsnjaee","Pasta","azeuimig"
"34470","pcsnjaee","Family Meals","rahdrcot"
"34472","dpirmnnv","Burgers","slgsmlpu"
"34472","dpirmnnv","American","eimkemgr"
"34472","dpirmnnv","Sandwiches","rbmaubjl"
"34472","dpirmnnv","Family Meals","rahdrcot"
"34473","ofuauioc","Pizza","bblqicsh"
"34473","ofuauioc","American","eimkemgr"
"34473","ofuauioc","Italian","unjrwyxk"
"34474","tcwivgcd","Juice and Smoothies","nrkaudde"
"34474","tcwivgcd","Healthy","yavgbbkr"
"34474","tcwivgcd","Fast Food","ryvbsweh"
"34475","nqeahsvu","American","eimkemgr"
"34475","nqeahsvu","Sandwich","intqqmnk"
"34475","nqeahsvu","Burgers","slgsmlpu"
"34476","iwulqmhx","Healthy","yavgbbkr"
"34476","iwulqmhx","Vegetarian","lqjjvbcx"
"34476","iwulqmhx","Salads","kmsugtzy"
"34477","khxfrxoy","American","eimkemgr"
"34477","khxfrxoy","Bar Food","gdmfeoks"
"34477","khxfrxoy","Wings","ktxeefhg"
"34477","khxfrxoy","Chicken","eoycxldk"
"34477","khxfrxoy","Burgers","slgsmlpu"
"34477","khxfrxoy","Alcohol","bqctdiau"
"34478","pegvzvjc","American","eimkemgr"
"34478","pegvzvjc","Chicken","eoycxldk"
"34478","pegvzvjc","Family Meals","rahdrcot"
"34478","pegvzvjc","Fried Chicken","fhhspqcj"
"34478","pegvzvjc","Comfort Food","mzieroag"
"34479","hocxktdk","Burritos","mhzxyrea"
"34479","hocxktdk","Fast Food","ryvbsweh"
"34479","hocxktdk","Mexican","kqqqgiwa"
"34480","pavbolkz","Deli","metxvprn"
"34480","pavbolkz","Salads","kmsugtzy"
"34480","pavbolkz","Sandwich","intqqmnk"
"34480","pavbolkz","Healthy","yavgbbkr"
"34481","pehcrmtq","Pizza","bblqicsh"
"34481","pehcrmtq","Wings","ktxeefhg"
"34481","pehcrmtq","Desserts","iidscufg"
"34481","pehcrmtq","Sandwiches","rbmaubjl"
"34482","khlgdzaf","Healthy","yavgbbkr"
"34482","khlgdzaf","Mexican","kqqqgiwa"
"34482","khlgdzaf","Group Friendly","vvxfxzgj"
"34483","geimnbpp","Sandwich","intqqmnk"
"34483","geimnbpp","Salads","kmsugtzy"
"34484","pakmmbqh","American","eimkemgr"
"34484","pakmmbqh","Burgers","slgsmlpu"
"34484","pakmmbqh","Fast Food","ryvbsweh"
"34485","tuxnizni","Burgers","slgsmlpu"
"34485","tuxnizni","Fast Food","ryvbsweh"
"34485","tuxnizni","Burgers","slgsmlpu"
"34485","tuxnizni","Sandwiches","rbmaubjl"
"34485","tuxnizni","American","eimkemgr"
"34486","ijdeggzk","Fast Food","ryvbsweh"
"34486","ijdeggzk","Sandwich","intqqmnk"
"34486","ijdeggzk","Family Meals","rahdrcot"
"34487","mcwyosuh","American","eimkemgr"
"34487","mcwyosuh","Burgers","slgsmlpu"
"34487","mcwyosuh","Fast Food","ryvbsweh"
"34487","mcwyosuh","Group Friendly","vvxfxzgj"
"34488","ahtgqbfe","Everyday Essentials","pbnlnvev"
"34488","ahtgqbfe","Convenience","tglgdauy"
"34488","ahtgqbfe","Pharmacy","vefdmwbz"
"34488","ahtgqbfe","Snacks","lkjvzfuh"
"34489","dyzuqvgi","Everyday Essentials","pbnlnvev"
"34489","dyzuqvgi","Convenience","tglgdauy"
"34489","dyzuqvgi","Home &amp; Personal Care","bxpmnwsj"
"34489","dyzuqvgi","Pharmacy","vefdmwbz"
"34489","dyzuqvgi","Baby","tnjlgkrt"
"34490","lgeatgjw","Indian","fdwhjqwh"
"34490","lgeatgjw","Vegetarian","lqjjvbcx"
"34490","lgeatgjw","Pakistani","pkdlizdc"
"34490","lgeatgjw","Indian Curry","wkeleuan"
"34490","lgeatgjw","Healthy","yavgbbkr"
"34491","qqtwsyib","Pizza","bblqicsh"
"34491","qqtwsyib","Wings","ktxeefhg"
"34491","qqtwsyib","Desserts","iidscufg"
"34491","qqtwsyib","Sandwiches","rbmaubjl"
"34492","qncpxdvo","American","eimkemgr"
"34492","qncpxdvo","Chicken","eoycxldk"
"34492","qncpxdvo","Family Meals","rahdrcot"
"34492","qncpxdvo","Fried Chicken","fhhspqcj"
"34492","qncpxdvo","Comfort Food","mzieroag"
"34493","vdvtzbkd","Ice Cream + Frozen Yogurt","ffhmzxju"
"34493","vdvtzbkd","Burgers","slgsmlpu"
"34493","vdvtzbkd","Chicken","eoycxldk"
"34493","vdvtzbkd","American","eimkemgr"
"34494","eqckoipa","Desserts","iidscufg"
"34494","eqckoipa","Ice Cream + Frozen Yogurt","ffhmzxju"
"34495","rerfwjcm","American","eimkemgr"
"34495","rerfwjcm","Fried Chicken","fhhspqcj"
"34495","rerfwjcm","Family Meals","rahdrcot"
"34495","rerfwjcm","Southern","mbqdomyp"
"34495","rerfwjcm","Sandwich","intqqmnk"
"34495","rerfwjcm","Fast Food","ryvbsweh"
"34496","dekjikub","Desserts","iidscufg"
"34496","dekjikub","Sandwiches","rbmaubjl"
"34497","bmlbmqhx","American","eimkemgr"
"34497","bmlbmqhx","Fast Food","ryvbsweh"
"34497","bmlbmqhx","Burgers","slgsmlpu"
"34498","jyvyrhiw","American","eimkemgr"
"34498","jyvyrhiw","Burgers","slgsmlpu"
"34498","jyvyrhiw","Fast Food","ryvbsweh"
"34499","boeqjtzh","Chicken","eoycxldk"
"34499","boeqjtzh","Wings","ktxeefhg"
"34499","boeqjtzh","Sandwiches","rbmaubjl"
"34499","boeqjtzh","Comfort Food","mzieroag"
"34499","boeqjtzh","Family Meals","rahdrcot"
"34500","bpwhoyjo","Mexican","kqqqgiwa"
"34500","bpwhoyjo","Latin American","ziwlbfeu"
"34500","bpwhoyjo","New Mexican","xixgogkr"
"34501","aokloytu","Wings","ktxeefhg"
"34501","aokloytu","Chicken","eoycxldk"
"34501","aokloytu","American","eimkemgr"
"34501","aokloytu","Bar Food","gdmfeoks"
"34501","aokloytu","Family Meals","rahdrcot"
"34501","aokloytu","Fast Food","ryvbsweh"
"34502","ayeghulq","Fast Food","ryvbsweh"
"34502","ayeghulq","Sandwich","intqqmnk"
"34502","ayeghulq","Salads","kmsugtzy"
"34502","ayeghulq","Healthy","yavgbbkr"
"34502","ayeghulq","Family Meals","rahdrcot"
"34503","tdhpeylt","Ice Cream + Frozen Yogurt","ffhmzxju"
"34503","tdhpeylt","Burgers","slgsmlpu"
"34503","tdhpeylt","Chicken","eoycxldk"
"34503","tdhpeylt","American","eimkemgr"
"34504","uzahlqdy","Salads","kmsugtzy"
"34504","uzahlqdy","Sandwich","intqqmnk"
"34504","uzahlqdy","Deli","metxvprn"
"34504","uzahlqdy","Desserts","iidscufg"
"34504","uzahlqdy","Healthy","yavgbbkr"
"34505","ivrgwxtj","Pizza","bblqicsh"
"34506","hdfxrlot","Ice Cream + Frozen Yogurt","ffhmzxju"
"34506","hdfxrlot","Burgers","slgsmlpu"
"34506","hdfxrlot","Chicken","eoycxldk"
"34506","hdfxrlot","American","eimkemgr"
"34507","yoiealck","Mexican","kqqqgiwa"
"34507","yoiealck","Bowls","mirwdcid"
"34507","yoiealck","Salads","kmsugtzy"
"34508","vxucvbap","American","eimkemgr"
"34508","vxucvbap","Fast Food","ryvbsweh"
"34508","vxucvbap","Burgers","slgsmlpu"
"34509","esvhpctg","Middle Eastern","pommkqbw"
"34510","aqqvzulb","Ice Cream + Frozen Yogurt","ffhmzxju"
"34510","aqqvzulb","Burgers","slgsmlpu"
"34510","aqqvzulb","Chicken","eoycxldk"
"34510","aqqvzulb","American","eimkemgr"
"34511","hxgtzoyp","Pizza","bblqicsh"
"34511","hxgtzoyp","Pasta","azeuimig"
"34511","hxgtzoyp","Wings","ktxeefhg"
"34512","ijdhbjky","American","eimkemgr"
"34512","ijdhbjky","Chicken","eoycxldk"
"34512","ijdhbjky","Bar Food","gdmfeoks"
"34512","ijdhbjky","Family Meals","rahdrcot"
"34512","ijdhbjky","Fast Food","ryvbsweh"
"34513","aujwbxfk","Sandwich","intqqmnk"
"34513","aujwbxfk","Salads","kmsugtzy"
"34514","tkhqqbkr","Everyday Essentials","pbnlnvev"
"34514","tkhqqbkr","Convenience","tglgdauy"
"34514","tkhqqbkr","Pharmacy","vefdmwbz"
"34514","tkhqqbkr","Snacks","lkjvzfuh"
"34515","cptffkst","Bakery","hnahdmbe"
"34515","cptffkst","Cafe","dfmnogqq"
